pH,N,P,K,Depth,T,Rainfall,Crop
7.3,110,45,50,21,26,1018,Cotton
7.9,110,45,50,27,31,1180,Cotton
8,110,45,50,21,29,1135,Cotton
7.4,110,45,50,21,27,1173,Cotton
7.8,110,45,50,20,30,1042,Cotton
7.9,110,45,50,25,31,761,Cotton
7.2,110,45,50,27,31,850,Cotton
7.9,110,45,50,21,30,894,Cotton
7.5,110,45,50,21,31,986,Cotton
7.4,110,45,50,21,28,770,Cotton
8.4,110,45,50,23,31,1006,Cotton
8.1,110,45,50,23,29,796,Cotton
8,110,45,50,21,29,1109,Cotton
7.6,110,45,50,23,26,1158,Cotton
8.2,110,45,50,23,30,898,Cotton
8.1,110,45,50,22,31,1197,Cotton
8.3,110,45,50,24,30,1198,Cotton
8.1,110,45,50,21,27,1077,Cotton
7.8,110,45,50,23,29,1028,Cotton
7.3,110,45,50,20,27,1030,Cotton
8,110,45,50,24,29,942,Cotton
8.1,110,45,50,20,31,828,Cotton
8.1,110,45,50,20,30,756,Cotton
7.4,110,45,50,27,26,1137,Cotton
7.9,110,45,50,21,29,789,Cotton
8.1,110,45,50,25,27,999,Cotton
7.8,110,45,50,20,29,796,Cotton
8.1,110,45,50,25,31,758,Cotton
7.9,110,45,50,25,28,766,Cotton
7.5,110,45,50,23,31,1081,Cotton
7.4,110,45,50,20,30,805,Cotton
8,110,45,50,23,29,843,Cotton
8.4,110,45,50,26,26,1152,Cotton
7.3,110,45,50,24,31,1060,Cotton
7.5,110,45,50,23,28,1134,Cotton
8,110,45,50,24,30,950,Cotton
7.8,110,45,50,23,26,975,Cotton
7.9,110,45,50,21,28,814,Cotton
7.8,110,45,50,22,28,816,Cotton
7.9,110,45,50,26,31,1108,Cotton
7.8,110,45,50,25,31,1193,Cotton
7.5,110,45,50,24,26,1191,Cotton
7.7,110,45,50,20,31,972,Cotton
7.5,110,45,50,27,27,1100,Cotton
7.4,110,45,50,21,26,782,Cotton
7.9,110,45,50,28,31,814,Cotton
8.2,110,45,50,29,30,754,Cotton
7.5,110,45,50,27,26,760,Cotton
7.8,110,45,50,23,30,955,Cotton
7.7,110,45,50,29,26,869,Cotton
8.2,110,45,50,25,28,1047,Cotton
8.1,110,45,50,25,31,1135,Cotton
7.9,110,45,50,27,29,878,Cotton
8.2,110,45,50,20,31,1196,Cotton
7.4,110,45,50,25,27,776,Cotton
8.2,110,45,50,26,27,1004,Cotton
7.8,110,45,50,27,27,1109,Cotton
7.9,110,45,50,25,30,760,Cotton
8.3,110,45,50,28,27,827,Cotton
8.3,110,45,50,21,31,907,Cotton
8.2,110,45,50,26,27,894,Cotton
7.6,110,45,50,25,27,927,Cotton
7.5,110,45,50,26,27,837,Cotton
7.2,110,45,50,24,27,922,Cotton
7.7,110,45,50,24,31,1175,Cotton
7.6,110,45,50,22,31,856,Cotton
7.6,110,45,50,20,29,1162,Cotton
8.1,110,45,50,29,26,1063,Cotton
7.3,110,45,50,20,27,1063,Cotton
7.9,110,45,50,27,26,1062,Cotton
7.5,110,45,50,27,26,939,Cotton
7.6,110,45,50,25,29,910,Cotton
7.2,110,45,50,23,26,906,Cotton
7.3,110,45,50,23,26,1187,Cotton
8.2,110,45,50,22,29,1140,Cotton
7.9,110,45,50,24,31,891,Cotton
8.3,110,45,50,20,29,869,Cotton
8.4,110,45,50,29,27,1124,Cotton
7.6,110,45,50,20,28,984,Cotton
7.7,110,45,50,21,28,1085,Cotton
7.8,110,45,50,27,29,927,Cotton
8.2,110,45,50,28,28,1079,Cotton
7.9,110,45,50,20,31,884,Cotton
8.1,110,45,50,27,26,755,Cotton
8.2,110,45,50,27,30,766,Cotton
8.1,110,45,50,23,31,1187,Cotton
7.3,110,45,50,24,28,827,Cotton
8.2,110,45,50,26,31,1071,Cotton
7.8,110,45,50,22,28,853,Cotton
7.7,110,45,50,29,29,1087,Cotton
7.3,110,45,50,27,28,1110,Cotton
7.6,110,45,50,21,27,819,Cotton
8.2,110,45,50,29,26,862,Cotton
8,110,45,50,23,26,881,Cotton
8.4,110,45,50,20,30,1121,Cotton
7.4,110,45,50,23,26,1056,Cotton
8.3,110,45,50,21,30,939,Cotton
7.6,110,45,50,24,30,999,Cotton
8.2,110,45,50,24,30,794,Cotton
8.2,110,45,50,25,31,1136,Cotton
8.4,110,45,50,22,28,1045,Cotton
7.9,110,45,50,29,30,1111,Cotton
8.4,110,45,50,24,30,1101,Cotton
7.9,110,45,50,28,26,1150,Cotton
7.4,110,45,50,25,27,918,Cotton
7.9,110,45,50,25,30,796,Cotton
8,110,45,50,20,30,1111,Cotton
8.3,110,45,50,23,27,793,Cotton
7.4,110,45,50,28,26,1121,Cotton
8.2,110,45,50,25,31,901,Cotton
7.9,110,45,50,27,29,833,Cotton
8,110,45,50,28,30,983,Cotton
8.2,110,45,50,23,28,1125,Cotton
7.5,110,45,50,20,30,944,Cotton
7.8,110,45,50,29,26,1013,Cotton
7.7,110,45,50,27,26,916,Cotton
8.2,110,45,50,20,31,1151,Cotton
7.8,110,45,50,21,28,1032,Cotton
7.5,110,45,50,25,28,898,Cotton
7.4,110,45,50,23,26,978,Cotton
7.5,110,45,50,24,29,1116,Cotton
8.3,110,45,50,24,26,1171,Cotton
7.2,110,45,50,29,31,771,Cotton
7.6,110,45,50,24,28,1117,Cotton
8.3,110,45,50,21,26,1020,Cotton
8,110,45,50,23,29,1190,Cotton
7.7,110,45,50,29,27,1117,Cotton
8.1,110,45,50,20,30,879,Cotton
8,110,45,50,25,26,1150,Cotton
7.5,110,45,50,27,27,885,Cotton
8.2,110,45,50,22,30,1165,Cotton
7.3,110,45,50,28,30,1046,Cotton
8.2,110,45,50,22,31,832,Cotton
8.4,110,45,50,21,26,862,Cotton
7.8,110,45,50,20,26,850,Cotton
8.1,110,45,50,22,26,802,Cotton
7.5,110,45,50,26,30,1011,Cotton
7.4,110,45,50,24,26,991,Cotton
7.2,110,45,50,28,29,760,Cotton
8,110,45,50,28,28,1136,Cotton
7.8,110,45,50,24,30,996,Cotton
7.5,110,45,50,21,28,1188,Cotton
7.7,110,45,50,26,29,1079,Cotton
7.9,110,45,50,24,26,1177,Cotton
7.9,110,45,50,24,30,904,Cotton
7.5,110,45,50,23,28,819,Cotton
7.7,110,45,50,26,28,968,Cotton
7.5,110,45,50,21,27,1142,Cotton
7.4,110,45,50,25,28,1134,Cotton
8.4,110,45,50,28,29,892,Cotton
8.4,110,45,50,27,27,1116,Cotton
7.9,110,45,50,26,28,1023,Cotton
7.7,110,45,50,27,31,959,Cotton
7.4,110,45,50,25,29,822,Cotton
7.8,110,45,50,20,27,1037,Cotton
7.7,110,45,50,29,31,1193,Cotton
8,110,45,50,22,29,1119,Cotton
7.3,110,45,50,24,27,1134,Cotton
7.4,110,45,50,25,30,1169,Cotton
7.7,110,45,50,29,29,789,Cotton
8.3,110,45,50,20,31,778,Cotton
7.8,110,45,50,27,29,1188,Cotton
8.1,110,45,50,24,26,1120,Cotton
7.5,110,45,50,22,28,770,Cotton
7.8,110,45,50,28,26,800,Cotton
7.4,110,45,50,25,29,902,Cotton
7.9,110,45,50,27,27,1154,Cotton
8.1,110,45,50,22,28,898,Cotton
7.9,110,45,50,22,29,791,Cotton
7.6,110,45,50,28,28,797,Cotton
8,110,45,50,25,28,825,Cotton
8.2,110,45,50,21,30,1036,Cotton
7.6,110,45,50,28,30,1051,Cotton
7.9,110,45,50,27,28,1156,Cotton
7.8,110,45,50,26,27,1097,Cotton
7.6,110,45,50,28,30,1065,Cotton
8.2,110,45,50,25,29,1134,Cotton
7.6,110,45,50,22,26,1191,Cotton
7.6,110,45,50,28,31,968,Cotton
8.2,110,45,50,22,27,1145,Cotton
8.4,110,45,50,21,29,969,Cotton
8,110,45,50,27,30,962,Cotton
7.9,110,45,50,29,29,803,Cotton
8.2,110,45,50,23,28,773,Cotton
8.2,110,45,50,24,31,769,Cotton
8.3,110,45,50,27,26,1153,Cotton
8.2,110,45,50,28,31,830,Cotton
7.4,110,45,50,28,29,816,Cotton
8,110,45,50,23,29,836,Cotton
7.3,110,45,50,28,28,1122,Cotton
7.6,110,45,50,21,26,754,Cotton
7.8,110,45,50,20,28,872,Cotton
7.7,110,45,50,29,28,1038,Cotton
8.3,110,45,50,28,28,1140,Cotton
7.6,110,45,50,23,27,952,Cotton
8.3,110,45,50,26,29,1137,Cotton
8.4,110,45,50,24,31,1028,Cotton
8.3,110,45,50,25,27,826,Cotton
8.1,110,45,50,24,31,1012,Cotton
8.2,110,45,50,27,30,831,Cotton
7.4,175,100,100,53,35,724,SugarCane
7.2,175,100,100,54,38,933,SugarCane
7.2,175,100,100,57,42,980,SugarCane
7,175,100,100,55,42,1049,SugarCane
6.7,175,100,100,43,25,741,SugarCane
6.6,175,100,100,56,35,1124,SugarCane
6.4,175,100,100,41,25,905,SugarCane
7.5,175,100,100,50,25,758,SugarCane
7,175,100,100,52,36,1059,SugarCane
7.5,175,100,100,51,25,727,SugarCane
7.2,175,100,100,50,49,797,SugarCane
6.6,175,100,100,44,48,1014,SugarCane
7.2,175,100,100,52,27,1152,SugarCane
7.3,175,100,100,56,39,1046,SugarCane
7.5,175,100,100,59,37,1154,SugarCane
6.8,175,100,100,46,34,1061,SugarCane
6.5,175,100,100,55,30,973,SugarCane
7.4,175,100,100,47,34,1098,SugarCane
7.2,175,100,100,46,37,1151,SugarCane
7,175,100,100,56,29,896,SugarCane
7.5,175,100,100,49,37,1195,SugarCane
7.5,175,100,100,59,40,899,SugarCane
6.5,175,100,100,48,41,1149,SugarCane
7.3,175,100,100,50,49,1109,SugarCane
6.5,175,100,100,50,41,1144,SugarCane
6.8,175,100,100,49,34,891,SugarCane
6.4,175,100,100,55,38,751,SugarCane
7.6,175,100,100,42,40,1046,SugarCane
7.3,175,100,100,40,48,962,SugarCane
6.3,175,100,100,47,46,867,SugarCane
6.9,175,100,100,55,45,1157,SugarCane
6.5,175,100,100,50,27,1002,SugarCane
7.1,175,100,100,55,44,975,SugarCane
6.6,175,100,100,54,31,936,SugarCane
6.6,175,100,100,57,31,1039,SugarCane
6.9,175,100,100,48,39,875,SugarCane
7.3,175,100,100,45,45,837,SugarCane
7,175,100,100,53,32,833,SugarCane
7.1,175,100,100,55,40,884,SugarCane
6.4,175,100,100,51,39,758,SugarCane
6.9,175,100,100,46,27,1133,SugarCane
6.9,175,100,100,50,28,1065,SugarCane
7.1,175,100,100,53,43,983,SugarCane
7.1,175,100,100,50,29,925,SugarCane
6.5,175,100,100,40,25,891,SugarCane
6.6,175,100,100,56,43,1109,SugarCane
7,175,100,100,54,39,1184,SugarCane
7.2,175,100,100,59,27,1084,SugarCane
7,175,100,100,57,44,923,SugarCane
6.4,175,100,100,52,39,1189,SugarCane
6.6,175,100,100,45,39,795,SugarCane
6.8,175,100,100,49,43,1022,SugarCane
6.6,175,100,100,52,45,1103,SugarCane
6.8,175,100,100,51,45,1061,SugarCane
7.4,175,100,100,56,27,937,SugarCane
7.3,175,100,100,55,34,1047,SugarCane
7,175,100,100,46,42,1116,SugarCane
7.6,175,100,100,58,40,916,SugarCane
7.5,175,100,100,45,48,1065,SugarCane
6.6,175,100,100,59,32,1128,SugarCane
6.4,175,100,100,50,39,953,SugarCane
7,175,100,100,45,44,968,SugarCane
7.2,175,100,100,43,44,733,SugarCane
6.5,175,100,100,52,48,930,SugarCane
7.5,175,100,100,40,26,810,SugarCane
6.7,175,100,100,52,36,941,SugarCane
6.8,175,100,100,58,37,868,SugarCane
7.3,175,100,100,43,49,1009,SugarCane
7.2,175,100,100,41,41,817,SugarCane
7.1,175,100,100,42,29,1002,SugarCane
7.3,175,100,100,48,30,1082,SugarCane
6.8,175,100,100,40,43,710,SugarCane
7,175,100,100,42,47,1079,SugarCane
7.5,175,100,100,50,33,717,SugarCane
7.6,175,100,100,58,42,1031,SugarCane
6.3,175,100,100,57,39,953,SugarCane
7,175,100,100,44,48,1011,SugarCane
7.1,175,100,100,44,34,1094,SugarCane
6.5,175,100,100,49,48,1049,SugarCane
7.5,175,100,100,58,40,937,SugarCane
6.5,175,100,100,44,44,976,SugarCane
6.8,175,100,100,49,41,938,SugarCane
7.4,175,100,100,51,28,793,SugarCane
7.3,175,100,100,54,42,985,SugarCane
7.1,175,100,100,44,44,851,SugarCane
6.7,175,100,100,55,38,801,SugarCane
6.6,175,100,100,49,44,1130,SugarCane
7,175,100,100,50,28,1198,SugarCane
6.4,175,100,100,56,40,1095,SugarCane
7.5,175,100,100,52,36,1074,SugarCane
7.6,175,100,100,50,45,1100,SugarCane
6.7,175,100,100,51,41,966,SugarCane
6.7,175,100,100,58,38,1088,SugarCane
7.4,175,100,100,48,32,881,SugarCane
7,175,100,100,54,34,1061,SugarCane
7.1,175,100,100,46,32,938,SugarCane
6.7,175,100,100,40,32,910,SugarCane
7.4,175,100,100,59,34,1113,SugarCane
6.8,175,100,100,41,25,711,SugarCane
7.3,175,100,100,49,36,700,SugarCane
7.4,175,100,100,40,30,761,SugarCane
7.6,175,100,100,43,43,921,SugarCane
7.5,175,100,100,52,39,839,SugarCane
6.3,175,100,100,50,45,777,SugarCane
7.3,175,100,100,55,33,1005,SugarCane
7.1,175,100,100,51,46,893,SugarCane
7.2,175,100,100,55,34,954,SugarCane
6.3,175,100,100,48,25,823,SugarCane
7.1,175,100,100,43,37,1148,SugarCane
7.1,175,100,100,45,39,840,SugarCane
6.8,175,100,100,51,29,740,SugarCane
7.6,175,100,100,40,30,759,SugarCane
6.9,175,100,100,41,34,904,SugarCane
7.2,175,100,100,59,35,721,SugarCane
6.8,175,100,100,43,39,713,SugarCane
6.4,175,100,100,44,30,917,SugarCane
7.2,175,100,100,40,25,1081,SugarCane
6.8,175,100,100,54,49,1108,SugarCane
7,175,100,100,44,39,967,SugarCane
7.6,175,100,100,44,29,1099,SugarCane
7.5,175,100,100,57,41,731,SugarCane
6.8,175,100,100,43,36,1182,SugarCane
6.8,175,100,100,48,35,728,SugarCane
7.3,175,100,100,43,35,936,SugarCane
6.5,175,100,100,47,45,1168,SugarCane
6.8,175,100,100,47,42,819,SugarCane
7.5,175,100,100,47,34,1063,SugarCane
6.8,175,100,100,45,33,738,SugarCane
6.4,175,100,100,57,27,802,SugarCane
7.1,175,100,100,42,27,766,SugarCane
6.5,175,100,100,45,32,795,SugarCane
6.9,175,100,100,53,35,1101,SugarCane
6.5,175,100,100,46,35,1030,SugarCane
6.9,175,100,100,53,45,905,SugarCane
7.5,175,100,100,57,47,1176,SugarCane
7.2,175,100,100,57,26,1058,SugarCane
7,175,100,100,45,46,747,SugarCane
6.6,175,100,100,58,33,1170,SugarCane
6.3,175,100,100,50,46,833,SugarCane
7,175,100,100,46,29,856,SugarCane
6.8,175,100,100,53,33,1041,SugarCane
6.8,175,100,100,58,38,1037,SugarCane
6.5,175,100,100,42,49,937,SugarCane
6.9,175,100,100,43,32,1069,SugarCane
7.4,175,100,100,54,46,755,SugarCane
7,175,100,100,59,32,869,SugarCane
7.5,175,100,100,52,30,992,SugarCane
7.1,175,100,100,52,41,922,SugarCane
7,175,100,100,47,26,1153,SugarCane
7.2,175,100,100,58,45,1111,SugarCane
7.6,175,100,100,48,42,947,SugarCane
6.4,175,100,100,55,49,946,SugarCane
6.4,175,100,100,42,46,772,SugarCane
7.5,175,100,100,56,29,1041,SugarCane
7.5,175,100,100,55,44,1198,SugarCane
7,175,100,100,50,36,1165,SugarCane
7.5,175,100,100,40,35,1194,SugarCane
6.5,175,100,100,57,28,919,SugarCane
6.8,175,100,100,44,46,958,SugarCane
7.5,175,100,100,48,25,1146,SugarCane
7.5,175,100,100,44,29,790,SugarCane
7.4,175,100,100,49,34,849,SugarCane
6.4,175,100,100,41,49,1092,SugarCane
7.1,175,100,100,40,36,820,SugarCane
6.4,175,100,100,45,35,869,SugarCane
6.3,175,100,100,48,39,997,SugarCane
6.7,175,100,100,41,32,851,SugarCane
7.5,175,100,100,52,38,1038,SugarCane
6.7,175,100,100,40,38,947,SugarCane
6.4,175,100,100,55,26,993,SugarCane
6.7,175,100,100,57,49,912,SugarCane
6.8,175,100,100,50,35,808,SugarCane
6.5,175,100,100,58,35,1017,SugarCane
6.8,175,100,100,47,37,769,SugarCane
6.6,175,100,100,59,39,1123,SugarCane
6.3,175,100,100,45,41,1165,SugarCane
7.4,175,100,100,57,34,1199,SugarCane
7.3,175,100,100,44,35,968,SugarCane
7.2,175,100,100,54,37,1138,SugarCane
6.9,175,100,100,57,41,1168,SugarCane
7.2,175,100,100,43,46,817,SugarCane
7.5,175,100,100,55,27,1035,SugarCane
6.5,175,100,100,40,30,1073,SugarCane
7.4,175,100,100,42,32,823,SugarCane
7.4,175,100,100,40,32,1112,SugarCane
6.7,175,100,100,48,49,1003,SugarCane
6.7,175,100,100,44,32,1045,SugarCane
6.9,175,100,100,58,36,909,SugarCane
6.7,175,100,100,47,28,969,SugarCane
6.3,175,100,100,54,27,738,SugarCane
7,175,100,100,46,28,826,SugarCane
6.8,175,100,100,41,49,1146,SugarCane
6.9,175,100,100,59,43,860,SugarCane
6.7,175,100,100,58,38,1085,SugarCane
7.1,175,100,100,58,30,925,SugarCane
7.5,175,100,100,53,44,1144,SugarCane
7.5,175,100,100,46,37,1074,SugarCane
6.7,175,100,100,55,45,1193,SugarCane
7.1,175,100,100,50,41,960,SugarCane
6.5,175,100,100,55,27,1162,SugarCane
6.7,85,35,45,7,27,852,Jowar
6.5,85,35,45,9,24,905,Jowar
6.4,85,35,45,13,28,981,Jowar
5.9,85,35,45,7,25,850,Jowar
6.6,85,35,45,11,27,974,Jowar
7.4,85,35,45,11,24,990,Jowar
7.5,85,35,45,7,26,968,Jowar
6.8,85,35,45,13,26,850,Jowar
6.9,85,35,45,11,28,964,Jowar
6.9,85,35,45,7,25,918,Jowar
7.6,85,35,45,12,28,959,Jowar
7,85,35,45,8,24,851,Jowar
6.9,85,35,45,11,28,886,Jowar
6.7,85,35,45,18,28,908,Jowar
6.5,85,35,45,10,28,906,Jowar
7.6,85,35,45,10,25,986,Jowar
8.3,85,35,45,14,26,860,Jowar
7.5,85,35,45,9,24,981,Jowar
7,85,35,45,5,24,861,Jowar
8,85,35,45,18,24,990,Jowar
6,85,35,45,8,28,867,Jowar
7.6,85,35,45,13,26,862,Jowar
7.6,85,35,45,19,25,939,Jowar
8.3,85,35,45,8,28,913,Jowar
8.4,85,35,45,13,24,863,Jowar
6.9,85,35,45,17,28,873,Jowar
7.9,85,35,45,19,28,905,Jowar
7.8,85,35,45,11,26,881,Jowar
8.4,85,35,45,14,24,948,Jowar
6.3,85,35,45,13,26,906,Jowar
5.8,85,35,45,13,27,937,Jowar
6.2,85,35,45,16,24,892,Jowar
7.8,85,35,45,16,27,893,Jowar
6.7,85,35,45,16,26,865,Jowar
7.1,85,35,45,11,25,883,Jowar
8.3,85,35,45,10,26,927,Jowar
7.4,85,35,45,17,24,968,Jowar
8.5,85,35,45,19,24,947,Jowar
6,85,35,45,18,24,901,Jowar
6,85,35,45,10,27,922,Jowar
7.3,85,35,45,16,25,988,Jowar
7.8,85,35,45,9,25,939,Jowar
6.2,85,35,45,5,26,997,Jowar
7.6,85,35,45,5,28,996,Jowar
6.9,85,35,45,18,26,933,Jowar
7.7,85,35,45,16,25,857,Jowar
7.9,85,35,45,9,27,868,Jowar
8.3,85,35,45,19,24,915,Jowar
8.3,85,35,45,19,26,876,Jowar
7.2,85,35,45,6,27,933,Jowar
6.2,85,35,45,11,25,856,Jowar
7.1,85,35,45,17,24,893,Jowar
7.4,85,35,45,14,24,962,Jowar
6,85,35,45,10,25,974,Jowar
8.1,85,35,45,13,27,897,Jowar
7,85,35,45,16,28,908,Jowar
8.1,85,35,45,7,25,875,Jowar
7.7,85,35,45,18,24,926,Jowar
6.2,85,35,45,15,24,857,Jowar
7.7,85,35,45,19,24,959,Jowar
5.9,85,35,45,15,24,956,Jowar
7.2,85,35,45,15,25,971,Jowar
8.4,85,35,45,10,26,997,Jowar
6.6,85,35,45,10,26,931,Jowar
7.8,85,35,45,5,28,958,Jowar
6.3,85,35,45,9,26,962,Jowar
6.8,85,35,45,7,24,887,Jowar
6.6,85,35,45,12,24,880,Jowar
7.2,85,35,45,6,25,863,Jowar
8.3,85,35,45,13,28,995,Jowar
6.9,85,35,45,19,27,952,Jowar
7.2,85,35,45,12,24,932,Jowar
7.1,85,35,45,17,28,890,Jowar
5.8,85,35,45,8,24,866,Jowar
6.2,85,35,45,5,25,973,Jowar
7.7,85,35,45,19,24,948,Jowar
7.2,85,35,45,16,28,942,Jowar
5.9,85,35,45,6,28,997,Jowar
7.4,85,35,45,17,25,892,Jowar
6.5,85,35,45,10,26,923,Jowar
7,85,35,45,8,28,864,Jowar
6.9,85,35,45,10,28,964,Jowar
6.9,85,35,45,15,26,893,Jowar
7.7,85,35,45,11,28,920,Jowar
6.8,85,35,45,10,26,881,Jowar
7.1,85,35,45,14,27,923,Jowar
6.5,85,35,45,14,27,882,Jowar
6.6,85,35,45,19,25,903,Jowar
7.3,85,35,45,19,25,948,Jowar
7.4,85,35,45,15,24,964,Jowar
7.8,85,35,45,19,27,925,Jowar
7.2,85,35,45,15,26,957,Jowar
6.1,85,35,45,14,26,993,Jowar
7.5,85,35,45,7,25,889,Jowar
7.3,85,35,45,5,24,863,Jowar
7.6,85,35,45,12,27,950,Jowar
8,85,35,45,8,28,873,Jowar
5.9,85,35,45,11,24,939,Jowar
6.6,85,35,45,7,28,923,Jowar
7.1,85,35,45,5,28,910,Jowar
8,85,35,45,17,24,915,Jowar
6.7,85,35,45,6,26,885,Jowar
8.1,85,35,45,9,28,852,Jowar
7.9,85,35,45,5,26,960,Jowar
6.8,85,35,45,13,27,897,Jowar
8.1,85,35,45,18,28,887,Jowar
8.3,85,35,45,8,27,984,Jowar
6,85,35,45,16,24,893,Jowar
7.6,85,35,45,12,26,938,Jowar
6.6,85,35,45,11,28,948,Jowar
7,85,35,45,14,28,943,Jowar
6.2,85,35,45,19,26,992,Jowar
5.9,85,35,45,13,27,982,Jowar
7.3,85,35,45,17,27,981,Jowar
7,85,35,45,6,26,850,Jowar
6.2,85,35,45,9,25,911,Jowar
6.4,85,35,45,17,27,920,Jowar
6.8,85,35,45,5,28,850,Jowar
6,85,35,45,10,24,956,Jowar
7.7,85,35,45,8,25,878,Jowar
6.7,85,35,45,15,26,874,Jowar
7.1,85,35,45,13,27,991,Jowar
7.3,85,35,45,6,25,879,Jowar
7.4,85,35,45,8,28,936,Jowar
7.5,85,35,45,13,27,989,Jowar
6.9,85,35,45,7,28,854,Jowar
7.4,85,35,45,12,27,851,Jowar
8.1,85,35,45,17,28,948,Jowar
7.1,85,35,45,6,27,982,Jowar
6.3,85,35,45,5,28,860,Jowar
8.4,85,35,45,6,25,905,Jowar
6.6,85,35,45,12,24,958,Jowar
8.3,85,35,45,15,25,962,Jowar
6.8,85,35,45,18,27,968,Jowar
6,85,35,45,18,25,899,Jowar
7.6,85,35,45,9,25,879,Jowar
6.6,85,35,45,10,25,983,Jowar
6.9,85,35,45,9,28,908,Jowar
6.7,85,35,45,16,25,892,Jowar
7.9,85,35,45,14,26,983,Jowar
8.3,85,35,45,13,24,931,Jowar
7.1,85,35,45,14,28,944,Jowar
7.3,85,35,45,13,25,984,Jowar
7.3,85,35,45,16,28,899,Jowar
6,85,35,45,10,26,892,Jowar
8.1,85,35,45,11,27,970,Jowar
7,85,35,45,18,26,966,Jowar
8.4,85,35,45,19,25,891,Jowar
7.7,85,35,45,5,27,959,Jowar
6.5,85,35,45,10,26,864,Jowar
7.5,85,35,45,7,25,891,Jowar
6.1,85,35,45,13,27,962,Jowar
5.9,85,35,45,9,26,943,Jowar
8.4,85,35,45,11,27,914,Jowar
7.6,85,35,45,9,26,908,Jowar
7.6,85,35,45,9,25,935,Jowar
7.9,85,35,45,11,24,965,Jowar
8.2,85,35,45,6,25,945,Jowar
8.1,85,35,45,5,28,852,Jowar
6.1,85,35,45,14,26,946,Jowar
8.5,85,35,45,5,24,964,Jowar
7.4,85,35,45,6,27,890,Jowar
7.5,85,35,45,13,25,963,Jowar
7.8,85,35,45,10,28,932,Jowar
7.9,85,35,45,11,24,885,Jowar
8,85,35,45,10,24,931,Jowar
8.5,85,35,45,10,25,977,Jowar
6.4,85,35,45,10,28,916,Jowar
7.6,85,35,45,5,25,873,Jowar
6.6,85,35,45,18,28,943,Jowar
7.8,85,35,45,17,26,953,Jowar
6.3,85,35,45,12,26,866,Jowar
7.4,85,35,45,15,24,955,Jowar
5.9,85,35,45,10,26,938,Jowar
6.7,85,35,45,16,26,895,Jowar
8.2,85,35,45,12,28,971,Jowar
6.6,85,35,45,18,28,908,Jowar
8,85,35,45,7,28,971,Jowar
8.1,85,35,45,9,27,937,Jowar
8,85,35,45,10,27,862,Jowar
8,85,35,45,11,28,885,Jowar
7,85,35,45,10,25,995,Jowar
8,85,35,45,6,28,949,Jowar
6.5,85,35,45,7,26,851,Jowar
8.1,85,35,45,10,25,984,Jowar
7.5,85,35,45,12,25,936,Jowar
7.5,85,35,45,13,27,867,Jowar
7.2,85,35,45,16,28,875,Jowar
7.5,85,35,45,17,26,986,Jowar
8.3,85,35,45,18,25,897,Jowar
6.6,85,35,45,7,25,916,Jowar
7.1,85,35,45,18,26,940,Jowar
8.4,85,35,45,5,25,996,Jowar
7.6,85,35,45,9,26,934,Jowar
6,85,35,45,12,24,910,Jowar
7.5,85,35,45,16,27,958,Jowar
6.9,85,35,45,12,24,984,Jowar
6.7,85,35,45,18,26,988,Jowar
7.6,85,35,45,5,25,869,Jowar
7.7,85,35,45,5,27,923,Jowar
8.3,50,25,20,19,29,460,Bajra
8.6,50,25,20,19,30,619,Bajra
7.9,50,25,20,17,29,618,Bajra
8.1,50,25,20,18,31,745,Bajra
8,50,25,20,19,31,520,Bajra
7.9,50,25,20,20,30,536,Bajra
8.2,50,25,20,22,30,429,Bajra
7.9,50,25,20,18,30,362,Bajra
7.2,50,25,20,16,29,400,Bajra
7.8,50,25,20,21,30,634,Bajra
7.9,50,25,20,18,30,650,Bajra
7.5,50,25,20,15,30,690,Bajra
7.4,50,25,20,16,30,558,Bajra
8.6,50,25,20,17,31,559,Bajra
7.4,50,25,20,22,31,599,Bajra
7.7,50,25,20,15,29,515,Bajra
7.4,50,25,20,17,29,611,Bajra
7.9,50,25,20,15,29,591,Bajra
8.3,50,25,20,22,31,639,Bajra
7.6,50,25,20,18,29,444,Bajra
8.6,50,25,20,23,29,726,Bajra
7.7,50,25,20,24,29,385,Bajra
7.7,50,25,20,18,31,392,Bajra
7.5,50,25,20,15,30,547,Bajra
8.2,50,25,20,24,29,669,Bajra
8.1,50,25,20,22,30,580,Bajra
7.6,50,25,20,22,29,450,Bajra
7.8,50,25,20,18,29,663,Bajra
7.6,50,25,20,19,31,609,Bajra
8.1,50,25,20,19,29,592,Bajra
7.3,50,25,20,20,31,358,Bajra
8.4,50,25,20,21,30,683,Bajra
8.3,50,25,20,18,29,364,Bajra
8.6,50,25,20,24,31,543,Bajra
7.8,50,25,20,15,31,352,Bajra
8.2,50,25,20,18,29,398,Bajra
8.3,50,25,20,22,30,748,Bajra
7.5,50,25,20,21,30,653,Bajra
8.2,50,25,20,17,29,356,Bajra
7.8,50,25,20,23,29,467,Bajra
8.3,50,25,20,15,30,387,Bajra
7.9,50,25,20,24,31,563,Bajra
8.2,50,25,20,21,31,553,Bajra
8.4,50,25,20,19,31,481,Bajra
7.2,50,25,20,23,30,360,Bajra
8.3,50,25,20,16,29,427,Bajra
8,50,25,20,21,30,709,Bajra
7.7,50,25,20,16,31,575,Bajra
7.9,50,25,20,15,31,417,Bajra
8,50,25,20,18,31,574,Bajra
7.7,50,25,20,24,29,578,Bajra
7.6,50,25,20,15,30,585,Bajra
8.4,50,25,20,23,30,740,Bajra
8.2,50,25,20,23,29,689,Bajra
8.6,50,25,20,18,30,717,Bajra
7.9,50,25,20,24,29,365,Bajra
7.6,50,25,20,20,30,508,Bajra
7.3,50,25,20,19,29,619,Bajra
8.4,50,25,20,23,30,569,Bajra
8.1,50,25,20,17,31,634,Bajra
7.5,50,25,20,22,29,511,Bajra
7.6,50,25,20,24,30,558,Bajra
8.3,50,25,20,17,29,544,Bajra
8.2,50,25,20,18,31,517,Bajra
7.6,50,25,20,17,30,600,Bajra
8,50,25,20,24,29,488,Bajra
7.9,50,25,20,17,29,503,Bajra
7.6,50,25,20,22,29,647,Bajra
8.3,50,25,20,20,31,398,Bajra
8.1,50,25,20,20,30,420,Bajra
7.7,50,25,20,21,31,448,Bajra
8.1,50,25,20,18,30,423,Bajra
7.9,50,25,20,19,29,394,Bajra
7.4,50,25,20,15,31,357,Bajra
8.4,50,25,20,21,29,731,Bajra
8,50,25,20,19,31,557,Bajra
7.6,50,25,20,21,31,424,Bajra
8.6,50,25,20,17,30,364,Bajra
8.5,50,25,20,20,30,625,Bajra
8.1,50,25,20,23,30,488,Bajra
7.6,50,25,20,20,31,666,Bajra
7.7,50,25,20,23,31,412,Bajra
7.5,50,25,20,18,29,496,Bajra
7.3,50,25,20,23,30,452,Bajra
8.5,50,25,20,18,29,484,Bajra
8.4,50,25,20,18,30,350,Bajra
8,50,25,20,24,31,541,Bajra
8,50,25,20,18,29,380,Bajra
7.7,50,25,20,18,30,720,Bajra
7.4,50,25,20,15,29,638,Bajra
8.2,50,25,20,16,30,485,Bajra
8.2,50,25,20,16,29,740,Bajra
8.3,50,25,20,23,30,496,Bajra
8.2,50,25,20,17,30,473,Bajra
7.4,50,25,20,17,29,425,Bajra
7.9,50,25,20,23,29,694,Bajra
8.5,50,25,20,22,31,604,Bajra
7.9,50,25,20,22,29,522,Bajra
7.5,50,25,20,23,30,559,Bajra
7.8,50,25,20,15,31,662,Bajra
7.5,50,25,20,21,29,547,Bajra
7.7,50,25,20,24,30,394,Bajra
7.3,50,25,20,17,31,707,Bajra
7.5,50,25,20,24,31,689,Bajra
7.6,50,25,20,20,31,666,Bajra
7.9,50,25,20,15,29,684,Bajra
7.5,50,25,20,15,30,504,Bajra
8.5,50,25,20,23,29,358,Bajra
7.3,50,25,20,22,29,582,Bajra
7.4,50,25,20,16,31,490,Bajra
8,50,25,20,15,29,672,Bajra
8,50,25,20,24,31,465,Bajra
7.3,50,25,20,15,30,554,Bajra
8.4,50,25,20,20,30,421,Bajra
7.6,50,25,20,16,31,406,Bajra
8.4,50,25,20,24,30,394,Bajra
8.3,50,25,20,15,29,501,Bajra
8.1,50,25,20,19,30,395,Bajra
7.4,50,25,20,24,29,647,Bajra
8.4,50,25,20,18,30,697,Bajra
7.2,50,25,20,24,29,505,Bajra
8,50,25,20,21,31,538,Bajra
7.7,50,25,20,21,31,745,Bajra
7.7,50,25,20,17,29,439,Bajra
8.5,50,25,20,16,31,699,Bajra
8.3,50,25,20,15,31,680,Bajra
8.5,50,25,20,16,30,696,Bajra
7.3,50,25,20,20,30,546,Bajra
8.3,50,25,20,18,31,410,Bajra
8.6,50,25,20,24,29,696,Bajra
7.7,50,25,20,20,29,623,Bajra
7.8,50,25,20,19,30,625,Bajra
7.5,50,25,20,17,30,609,Bajra
7.4,50,25,20,21,31,458,Bajra
7.4,50,25,20,21,31,404,Bajra
8.1,50,25,20,23,31,380,Bajra
8.3,50,25,20,15,31,515,Bajra
7.6,50,25,20,21,30,503,Bajra
8.4,50,25,20,21,31,386,Bajra
8.1,50,25,20,19,31,574,Bajra
7.3,50,25,20,22,30,415,Bajra
7.4,50,25,20,18,30,431,Bajra
7.4,50,25,20,22,31,744,Bajra
8.2,50,25,20,16,30,495,Bajra
8.4,50,25,20,15,31,740,Bajra
8.5,50,25,20,17,29,583,Bajra
7.7,50,25,20,20,31,539,Bajra
8.2,50,25,20,17,31,531,Bajra
7.9,50,25,20,24,29,516,Bajra
7.9,50,25,20,18,31,541,Bajra
8.6,50,25,20,19,30,603,Bajra
8.5,50,25,20,17,30,494,Bajra
8,50,25,20,22,29,679,Bajra
7.6,50,25,20,22,30,632,Bajra
7.6,50,25,20,22,31,712,Bajra
8.5,50,25,20,18,31,632,Bajra
7.9,50,25,20,15,29,396,Bajra
7.6,50,25,20,17,30,584,Bajra
7.4,50,25,20,18,31,661,Bajra
7.5,50,25,20,15,31,523,Bajra
7.9,50,25,20,23,29,381,Bajra
8.3,50,25,20,22,29,509,Bajra
8.5,50,25,20,23,31,437,Bajra
7.9,50,25,20,15,31,517,Bajra
7.5,50,25,20,17,31,670,Bajra
7.3,50,25,20,23,29,511,Bajra
7.6,50,25,20,22,30,543,Bajra
8.4,50,25,20,15,29,409,Bajra
8.1,50,25,20,24,29,554,Bajra
8.2,50,25,20,22,29,706,Bajra
7.3,50,25,20,22,29,497,Bajra
8.2,50,25,20,23,31,564,Bajra
7.3,50,25,20,20,31,704,Bajra
7.3,50,25,20,17,29,413,Bajra
7.5,50,25,20,19,31,714,Bajra
7.6,50,25,20,18,29,671,Bajra
8.6,50,25,20,20,30,570,Bajra
8.3,50,25,20,20,29,728,Bajra
8.2,50,25,20,20,31,358,Bajra
7.6,50,25,20,21,31,397,Bajra
7.9,50,25,20,24,29,564,Bajra
8.4,50,25,20,19,30,544,Bajra
8.3,50,25,20,22,31,711,Bajra
8.3,50,25,20,15,30,390,Bajra
7.9,50,25,20,16,30,415,Bajra
7.4,50,25,20,20,30,381,Bajra
8.5,50,25,20,15,30,680,Bajra
7.9,50,25,20,17,30,386,Bajra
7.2,50,25,20,19,30,404,Bajra
7.3,50,25,20,21,29,363,Bajra
8.3,50,25,20,23,30,564,Bajra
7.3,50,25,20,24,29,590,Bajra
8.4,50,25,20,18,30,434,Bajra
7.5,50,25,20,18,30,706,Bajra
8.6,50,25,20,21,30,543,Bajra
8.6,50,25,20,15,31,640,Bajra
7.5,50,25,20,17,29,689,Bajra
8.6,50,25,20,16,30,538,Bajra
7.6,50,25,20,19,29,441,Bajra
8.5,50,25,20,16,31,391,Bajra
6.8,25,70,20,19,28,831,Soyabeans
7.6,25,70,20,18,28,844,Soyabeans
6.8,25,70,20,19,27,797,Soyabeans
7.6,25,70,20,16,27,966,Soyabeans
7,25,70,20,16,28,847,Soyabeans
7.8,25,70,20,17,26,965,Soyabeans
7,25,70,20,17,32,925,Soyabeans
7.3,25,70,20,19,26,970,Soyabeans
7.7,25,70,20,17,27,817,Soyabeans
7.6,25,70,20,15,31,895,Soyabeans
6.9,25,70,20,17,31,863,Soyabeans
7.7,25,70,20,19,30,868,Soyabeans
7,25,70,20,15,32,762,Soyabeans
7.4,25,70,20,15,27,783,Soyabeans
7.1,25,70,20,19,32,979,Soyabeans
6.9,25,70,20,15,32,771,Soyabeans
7.1,25,70,20,15,29,804,Soyabeans
6.8,25,70,20,16,33,946,Soyabeans
7.8,25,70,20,18,29,999,Soyabeans
7.2,25,70,20,19,28,888,Soyabeans
6.7,25,70,20,17,26,968,Soyabeans
6.7,25,70,20,15,31,841,Soyabeans
7.4,25,70,20,16,31,888,Soyabeans
7.6,25,70,20,17,28,952,Soyabeans
7.5,25,70,20,18,31,843,Soyabeans
6.8,25,70,20,18,30,891,Soyabeans
6.6,25,70,20,18,28,988,Soyabeans
6.6,25,70,20,17,32,924,Soyabeans
7,25,70,20,16,31,902,Soyabeans
7.3,25,70,20,17,29,751,Soyabeans
6.5,25,70,20,17,26,776,Soyabeans
7.7,25,70,20,15,27,770,Soyabeans
7.1,25,70,20,15,26,988,Soyabeans
6.7,25,70,20,17,28,984,Soyabeans
7,25,70,20,16,29,768,Soyabeans
7.5,25,70,20,15,30,881,Soyabeans
7.8,25,70,20,15,32,897,Soyabeans
6.7,25,70,20,18,27,942,Soyabeans
6.9,25,70,20,18,32,985,Soyabeans
7.1,25,70,20,17,30,961,Soyabeans
7.1,25,70,20,15,30,985,Soyabeans
6.7,25,70,20,19,28,965,Soyabeans
7.7,25,70,20,16,29,772,Soyabeans
6.5,25,70,20,17,28,927,Soyabeans
6.6,25,70,20,17,30,834,Soyabeans
7,25,70,20,19,33,772,Soyabeans
7.1,25,70,20,17,28,859,Soyabeans
7.3,25,70,20,19,32,838,Soyabeans
6.6,25,70,20,15,33,812,Soyabeans
6.8,25,70,20,15,30,903,Soyabeans
6.6,25,70,20,19,29,996,Soyabeans
7.2,25,70,20,16,30,972,Soyabeans
6.6,25,70,20,17,30,834,Soyabeans
6.6,25,70,20,18,26,950,Soyabeans
7.2,25,70,20,16,29,839,Soyabeans
6.6,25,70,20,15,31,757,Soyabeans
7.1,25,70,20,18,29,758,Soyabeans
6.7,25,70,20,19,31,898,Soyabeans
7.4,25,70,20,19,27,774,Soyabeans
7,25,70,20,16,27,769,Soyabeans
7.4,25,70,20,19,26,791,Soyabeans
7.2,25,70,20,19,27,868,Soyabeans
6.7,25,70,20,19,31,914,Soyabeans
7.4,25,70,20,19,33,809,Soyabeans
6.7,25,70,20,18,32,828,Soyabeans
7.4,25,70,20,15,27,976,Soyabeans
7.3,25,70,20,18,32,915,Soyabeans
7,25,70,20,15,33,949,Soyabeans
7.7,25,70,20,17,32,794,Soyabeans
6.7,25,70,20,16,26,753,Soyabeans
7.3,25,70,20,15,27,864,Soyabeans
7.5,25,70,20,15,26,846,Soyabeans
7,25,70,20,19,29,943,Soyabeans
6.8,25,70,20,16,28,821,Soyabeans
6.9,25,70,20,17,29,937,Soyabeans
7.5,25,70,20,15,27,839,Soyabeans
7.7,25,70,20,19,29,900,Soyabeans
7.7,25,70,20,16,33,950,Soyabeans
7.2,25,70,20,18,28,847,Soyabeans
6.7,25,70,20,16,30,991,Soyabeans
7,25,70,20,16,33,887,Soyabeans
7,25,70,20,17,27,940,Soyabeans
7.5,25,70,20,16,32,844,Soyabeans
7,25,70,20,19,27,803,Soyabeans
6.6,25,70,20,15,30,838,Soyabeans
7.7,25,70,20,19,28,931,Soyabeans
6.6,25,70,20,18,28,800,Soyabeans
7.5,25,70,20,18,29,861,Soyabeans
7.1,25,70,20,15,33,780,Soyabeans
6.5,25,70,20,16,26,804,Soyabeans
6.7,25,70,20,15,33,941,Soyabeans
7.6,25,70,20,19,26,817,Soyabeans
6.6,25,70,20,18,32,940,Soyabeans
7.4,25,70,20,15,32,957,Soyabeans
7.6,25,70,20,19,32,776,Soyabeans
7.3,25,70,20,15,30,999,Soyabeans
7.7,25,70,20,16,29,811,Soyabeans
7.1,25,70,20,15,26,929,Soyabeans
6.9,25,70,20,17,33,958,Soyabeans
6.7,25,70,20,18,29,878,Soyabeans
7,25,70,20,17,28,911,Soyabeans
7.7,25,70,20,18,30,798,Soyabeans
7.1,25,70,20,19,33,965,Soyabeans
6.6,25,70,20,17,33,993,Soyabeans
7.5,25,70,20,16,26,867,Soyabeans
7.6,25,70,20,15,29,766,Soyabeans
7.7,25,70,20,16,27,875,Soyabeans
7.1,25,70,20,17,26,849,Soyabeans
6.5,25,70,20,15,28,972,Soyabeans
7.1,25,70,20,18,33,780,Soyabeans
7.6,25,70,20,19,28,959,Soyabeans
6.7,25,70,20,16,27,964,Soyabeans
6.9,25,70,20,18,32,840,Soyabeans
6.6,25,70,20,16,31,917,Soyabeans
7.4,25,70,20,16,27,975,Soyabeans
7,25,70,20,15,31,875,Soyabeans
7.7,25,70,20,19,26,830,Soyabeans
7.3,25,70,20,19,31,872,Soyabeans
7.7,25,70,20,16,27,978,Soyabeans
6.5,25,70,20,15,28,824,Soyabeans
7.4,25,70,20,18,30,846,Soyabeans
6.6,25,70,20,17,31,827,Soyabeans
7,25,70,20,18,33,767,Soyabeans
7.2,25,70,20,15,29,880,Soyabeans
7.6,25,70,20,19,32,866,Soyabeans
7.2,25,70,20,19,33,808,Soyabeans
7,25,70,20,19,33,751,Soyabeans
7,25,70,20,15,33,895,Soyabeans
7.3,25,70,20,15,26,781,Soyabeans
7.7,25,70,20,18,32,885,Soyabeans
7.8,25,70,20,18,29,870,Soyabeans
6.8,25,70,20,18,28,793,Soyabeans
6.5,25,70,20,19,29,801,Soyabeans
7.5,25,70,20,18,26,877,Soyabeans
7.2,25,70,20,18,26,952,Soyabeans
7.7,25,70,20,19,30,782,Soyabeans
6.8,25,70,20,17,32,759,Soyabeans
7.2,25,70,20,16,32,997,Soyabeans
7.1,25,70,20,15,26,939,Soyabeans
7.2,25,70,20,18,32,890,Soyabeans
7.1,25,70,20,18,32,923,Soyabeans
6.9,25,70,20,19,30,904,Soyabeans
7.7,25,70,20,17,31,973,Soyabeans
7.1,25,70,20,19,30,938,Soyabeans
7.7,25,70,20,19,30,874,Soyabeans
7.3,25,70,20,16,26,772,Soyabeans
7.2,25,70,20,18,31,855,Soyabeans
7.2,25,70,20,16,33,862,Soyabeans
7.7,25,70,20,17,31,785,Soyabeans
6.5,25,70,20,15,29,968,Soyabeans
7.3,25,70,20,16,26,972,Soyabeans
6.5,25,70,20,19,33,764,Soyabeans
7.5,25,70,20,19,27,922,Soyabeans
7.8,25,70,20,18,26,819,Soyabeans
6.6,25,70,20,18,29,852,Soyabeans
7.7,25,70,20,16,33,783,Soyabeans
7.7,25,70,20,19,31,948,Soyabeans
7.6,25,70,20,17,27,814,Soyabeans
6.8,25,70,20,16,31,953,Soyabeans
6.8,25,70,20,16,26,993,Soyabeans
7.3,25,70,20,15,28,985,Soyabeans
7.6,25,70,20,19,29,801,Soyabeans
7.1,25,70,20,18,32,912,Soyabeans
7.3,25,70,20,19,33,966,Soyabeans
7.1,25,70,20,18,33,917,Soyabeans
7.1,25,70,20,15,33,828,Soyabeans
6.6,25,70,20,17,33,850,Soyabeans
6.9,25,70,20,17,30,892,Soyabeans
7.2,25,70,20,18,28,948,Soyabeans
7.6,25,70,20,16,28,817,Soyabeans
7.2,25,70,20,17,28,948,Soyabeans
7.6,25,70,20,17,31,810,Soyabeans
7.2,25,70,20,17,26,911,Soyabeans
7.4,25,70,20,16,28,938,Soyabeans
7.3,25,70,20,15,26,950,Soyabeans
7.4,25,70,20,15,30,827,Soyabeans
7.2,25,70,20,17,31,775,Soyabeans
7.6,25,70,20,17,27,956,Soyabeans
7.3,25,70,20,18,26,984,Soyabeans
6.9,25,70,20,16,28,890,Soyabeans
7.3,25,70,20,19,29,986,Soyabeans
7.1,25,70,20,17,28,960,Soyabeans
7.3,25,70,20,16,30,756,Soyabeans
6.6,25,70,20,19,26,853,Soyabeans
6.8,25,70,20,19,31,873,Soyabeans
7.7,25,70,20,18,29,955,Soyabeans
7.1,25,70,20,15,29,926,Soyabeans
6.5,25,70,20,18,32,999,Soyabeans
7.2,25,70,20,16,27,814,Soyabeans
7.3,25,70,20,19,28,952,Soyabeans
7.3,25,70,20,19,26,844,Soyabeans
6.8,25,70,20,18,30,989,Soyabeans
6.5,25,70,20,19,31,839,Soyabeans
7.2,25,70,20,19,27,913,Soyabeans
7.8,25,70,20,17,33,941,Soyabeans
7.4,25,70,20,18,32,970,Soyabeans
7.1,25,70,20,19,33,870,Soyabeans
6.5,25,70,20,16,32,901,Soyabeans
7.5,25,70,20,18,31,837,Soyabeans
7.5,25,70,20,16,33,826,Soyabeans
8.3,90,25,10,34,16,434,Corn
7.8,90,25,10,33,22,479,Corn
7.7,90,25,10,37,17,528,Corn
7.2,90,25,10,21,24,590,Corn
7.9,90,25,10,38,27,529,Corn
7.8,90,25,10,47,21,536,Corn
7.6,90,25,10,25,16,440,Corn
7.6,90,25,10,37,21,594,Corn
7.4,90,25,10,22,16,425,Corn
7.3,90,25,10,47,14,552,Corn
7.4,90,25,10,22,16,592,Corn
7.2,90,25,10,35,26,564,Corn
7.4,90,25,10,44,20,556,Corn
7.9,90,25,10,32,24,490,Corn
8.1,90,25,10,27,16,525,Corn
7.3,90,25,10,28,24,459,Corn
7.6,90,25,10,23,16,512,Corn
7.9,90,25,10,43,23,405,Corn
8.2,90,25,10,21,26,429,Corn
7.8,90,25,10,23,19,528,Corn
7.3,90,25,10,29,17,515,Corn
7.2,90,25,10,20,20,580,Corn
7.3,90,25,10,33,21,589,Corn
8,90,25,10,26,16,444,Corn
8,90,25,10,22,23,422,Corn
8.1,90,25,10,47,17,550,Corn
8,90,25,10,35,27,540,Corn
7.4,90,25,10,38,21,483,Corn
7.7,90,25,10,26,15,556,Corn
8,90,25,10,28,25,520,Corn
7.4,90,25,10,40,18,487,Corn
7.3,90,25,10,41,26,584,Corn
7.1,90,25,10,33,18,432,Corn
8.4,90,25,10,41,23,530,Corn
7.7,90,25,10,34,15,575,Corn
7.1,90,25,10,48,26,582,Corn
7.8,90,25,10,31,27,474,Corn
7.4,90,25,10,36,19,548,Corn
7.7,90,25,10,44,19,573,Corn
7.6,90,25,10,22,19,554,Corn
7.6,90,25,10,49,26,405,Corn
7.1,90,25,10,40,27,568,Corn
7.6,90,25,10,42,17,557,Corn
7.9,90,25,10,35,25,502,Corn
7.2,90,25,10,23,15,495,Corn
7.4,90,25,10,45,14,559,Corn
8.1,90,25,10,28,18,586,Corn
7.6,90,25,10,31,24,414,Corn
7.6,90,25,10,29,22,402,Corn
8,90,25,10,25,14,424,Corn
8,90,25,10,48,25,555,Corn
7.4,90,25,10,25,24,530,Corn
7.6,90,25,10,33,26,580,Corn
7.2,90,25,10,21,22,516,Corn
8.1,90,25,10,21,20,597,Corn
8.3,90,25,10,36,26,536,Corn
7.5,90,25,10,46,24,427,Corn
7.3,90,25,10,21,16,406,Corn
7.4,90,25,10,29,17,500,Corn
8.3,90,25,10,24,15,445,Corn
8.1,90,25,10,22,17,588,Corn
7.8,90,25,10,49,19,583,Corn
7.3,90,25,10,23,22,473,Corn
8.3,90,25,10,22,18,521,Corn
7.3,90,25,10,35,21,432,Corn
7.9,90,25,10,34,25,444,Corn
7.6,90,25,10,47,17,538,Corn
7.2,90,25,10,44,26,534,Corn
8.2,90,25,10,21,15,530,Corn
7.1,90,25,10,32,27,522,Corn
7.6,90,25,10,41,24,444,Corn
8.2,90,25,10,22,17,408,Corn
7.7,90,25,10,25,20,490,Corn
7.5,90,25,10,35,26,473,Corn
8.4,90,25,10,23,18,404,Corn
7.9,90,25,10,42,24,493,Corn
8.2,90,25,10,38,16,551,Corn
7.8,90,25,10,38,26,558,Corn
8.3,90,25,10,35,16,434,Corn
7.9,90,25,10,49,15,522,Corn
7.7,90,25,10,32,23,422,Corn
8.2,90,25,10,26,25,475,Corn
7.7,90,25,10,48,22,452,Corn
8,90,25,10,48,18,457,Corn
7.3,90,25,10,25,19,538,Corn
7.7,90,25,10,46,20,503,Corn
8.2,90,25,10,39,19,441,Corn
7.3,90,25,10,24,17,578,Corn
7.8,90,25,10,28,18,548,Corn
8.3,90,25,10,47,26,494,Corn
7.9,90,25,10,20,25,564,Corn
7.1,90,25,10,49,26,474,Corn
8,90,25,10,26,21,460,Corn
7.9,90,25,10,34,15,459,Corn
8.2,90,25,10,34,15,555,Corn
7.7,90,25,10,31,18,435,Corn
7.5,90,25,10,36,20,570,Corn
7.5,90,25,10,29,15,474,Corn
7.2,90,25,10,46,22,576,Corn
8.1,90,25,10,23,26,592,Corn
7.2,90,25,10,20,27,515,Corn
8.1,90,25,10,39,15,462,Corn
7.2,90,25,10,40,20,509,Corn
7.5,90,25,10,32,24,513,Corn
8.4,90,25,10,45,15,436,Corn
8.3,90,25,10,35,20,573,Corn
7.9,90,25,10,43,17,510,Corn
7.9,90,25,10,47,18,537,Corn
8.4,90,25,10,25,19,588,Corn
7.6,90,25,10,21,18,484,Corn
7.5,90,25,10,43,22,417,Corn
7.9,90,25,10,45,15,441,Corn
8.1,90,25,10,29,20,442,Corn
8.1,90,25,10,32,26,569,Corn
7.7,90,25,10,27,26,500,Corn
8.2,90,25,10,39,22,416,Corn
7.5,90,25,10,22,17,561,Corn
7.4,90,25,10,28,19,418,Corn
7.7,90,25,10,39,21,563,Corn
8.2,90,25,10,30,25,561,Corn
7.7,90,25,10,44,20,432,Corn
7.7,90,25,10,23,14,516,Corn
8.2,90,25,10,30,25,594,Corn
7.2,90,25,10,29,27,524,Corn
7.8,90,25,10,46,14,565,Corn
7.9,90,25,10,20,18,451,Corn
7.8,90,25,10,25,15,549,Corn
8,90,25,10,23,23,518,Corn
8.4,90,25,10,45,14,511,Corn
8.2,90,25,10,22,26,594,Corn
7.3,90,25,10,31,20,508,Corn
7.5,90,25,10,40,23,520,Corn
7.2,90,25,10,38,14,526,Corn
7.7,90,25,10,28,24,468,Corn
8.4,90,25,10,29,19,495,Corn
8.1,90,25,10,44,18,439,Corn
8,90,25,10,47,16,466,Corn
7.2,90,25,10,37,15,596,Corn
8.3,90,25,10,44,24,493,Corn
7.5,90,25,10,48,23,509,Corn
7.3,90,25,10,29,27,597,Corn
7.4,90,25,10,35,16,478,Corn
7.3,90,25,10,31,25,436,Corn
7.5,90,25,10,34,17,446,Corn
8,90,25,10,41,25,400,Corn
8.3,90,25,10,48,14,413,Corn
7.3,90,25,10,46,20,588,Corn
7.8,90,25,10,44,26,580,Corn
7.4,90,25,10,41,24,469,Corn
7.9,90,25,10,41,16,595,Corn
8.3,90,25,10,40,16,540,Corn
7.5,90,25,10,23,25,425,Corn
7.5,90,25,10,43,27,565,Corn
7.3,90,25,10,42,21,526,Corn
7.4,90,25,10,45,22,553,Corn
7.7,90,25,10,40,17,491,Corn
8,90,25,10,29,19,508,Corn
8.3,90,25,10,20,21,522,Corn
8.2,90,25,10,48,21,544,Corn
8.2,90,25,10,40,16,434,Corn
7.6,90,25,10,23,22,547,Corn
7.4,90,25,10,42,14,400,Corn
7.2,90,25,10,20,19,434,Corn
7.7,90,25,10,32,19,409,Corn
8.2,90,25,10,33,16,412,Corn
7.7,90,25,10,26,21,585,Corn
8.2,90,25,10,48,17,498,Corn
7.2,90,25,10,39,22,495,Corn
8.4,90,25,10,31,17,440,Corn
7.9,90,25,10,41,24,533,Corn
8.3,90,25,10,29,21,512,Corn
7.5,90,25,10,38,23,556,Corn
7.5,90,25,10,47,27,459,Corn
8.3,90,25,10,24,19,575,Corn
8.2,90,25,10,24,18,444,Corn
8.3,90,25,10,31,19,581,Corn
8.1,90,25,10,20,21,569,Corn
7.3,90,25,10,39,27,467,Corn
7.9,90,25,10,30,24,532,Corn
8,90,25,10,30,27,449,Corn
8.2,90,25,10,37,16,538,Corn
8.1,90,25,10,30,15,579,Corn
7.8,90,25,10,20,23,588,Corn
7.2,90,25,10,22,19,500,Corn
7.4,90,25,10,23,19,464,Corn
7.8,90,25,10,20,15,405,Corn
7.7,90,25,10,23,25,484,Corn
8.1,90,25,10,30,27,529,Corn
7.6,90,25,10,40,22,463,Corn
7.5,90,25,10,42,15,508,Corn
8.2,90,25,10,20,14,547,Corn
8.4,90,25,10,24,25,498,Corn
7.5,90,25,10,36,20,481,Corn
7.9,90,25,10,39,20,481,Corn
8.2,90,25,10,34,16,506,Corn
7.8,90,25,10,22,14,508,Corn
8,90,25,10,37,17,460,Corn
7.7,90,25,10,30,17,514,Corn
7.3,90,25,10,45,24,542,Corn
7.9,90,25,10,23,21,523,Corn
8.1,100,50,50,19,18,119,Rice
7.1,100,50,50,18,20,105,Rice
6.7,100,50,50,20,21,90,Rice
6.3,100,50,50,17,22,175,Rice
8.6,100,50,50,23,16,128,Rice
7,100,50,50,15,15,77,Rice
7.3,100,50,50,17,21,198,Rice
6.6,100,50,50,22,22,123,Rice
8.3,100,50,50,22,18,117,Rice
7.7,100,50,50,24,20,132,Rice
8.6,100,50,50,22,22,59,Rice
7.9,100,50,50,16,21,113,Rice
7.7,100,50,50,19,19,121,Rice
7.4,100,50,50,20,18,54,Rice
7.1,100,50,50,20,16,167,Rice
7.4,100,50,50,19,23,82,Rice
8.4,100,50,50,22,15,52,Rice
7,100,50,50,15,23,71,Rice
6.4,100,50,50,20,19,103,Rice
7.1,100,50,50,24,21,78,Rice
7.5,100,50,50,16,19,92,Rice
7.8,100,50,50,19,18,102,Rice
8,100,50,50,15,23,161,Rice
6.7,100,50,50,20,18,146,Rice
6.4,100,50,50,21,16,67,Rice
7.5,100,50,50,23,18,54,Rice
6.5,100,50,50,19,19,99,Rice
6.3,100,50,50,22,17,175,Rice
8.3,100,50,50,24,15,119,Rice
7.7,100,50,50,19,22,140,Rice
7.3,100,50,50,24,15,70,Rice
8.5,100,50,50,24,18,120,Rice
6.9,100,50,50,17,21,152,Rice
8.4,100,50,50,23,20,153,Rice
7.2,100,50,50,18,18,58,Rice
7.4,100,50,50,24,17,122,Rice
7.3,100,50,50,19,15,158,Rice
8,100,50,50,21,23,106,Rice
8.2,100,50,50,20,20,67,Rice
7.3,100,50,50,18,23,57,Rice
7.2,100,50,50,17,20,120,Rice
7.5,100,50,50,21,15,111,Rice
7.3,100,50,50,18,15,51,Rice
6.9,100,50,50,17,23,181,Rice
7.6,100,50,50,19,17,162,Rice
7,100,50,50,17,22,180,Rice
7.7,100,50,50,21,16,52,Rice
6.4,100,50,50,15,21,181,Rice
6.6,100,50,50,24,22,66,Rice
7.7,100,50,50,16,23,93,Rice
7.7,100,50,50,23,17,153,Rice
7.1,100,50,50,24,22,104,Rice
6.9,100,50,50,24,20,98,Rice
6.7,100,50,50,21,17,185,Rice
6.9,100,50,50,18,19,189,Rice
7.3,100,50,50,19,21,165,Rice
8.3,100,50,50,22,22,128,Rice
8.6,100,50,50,22,21,119,Rice
6.6,100,50,50,21,16,93,Rice
7.5,100,50,50,21,17,148,Rice
6.4,100,50,50,21,23,117,Rice
7.3,100,50,50,15,23,174,Rice
6.3,100,50,50,16,16,103,Rice
8.3,100,50,50,19,19,116,Rice
6.9,100,50,50,21,19,180,Rice
6.3,100,50,50,15,21,60,Rice
8,100,50,50,20,21,114,Rice
8,100,50,50,22,18,118,Rice
6.3,100,50,50,24,15,155,Rice
8.4,100,50,50,21,18,181,Rice
7.2,100,50,50,16,21,146,Rice
6.9,100,50,50,15,23,123,Rice
6.5,100,50,50,21,21,150,Rice
7.3,100,50,50,17,22,106,Rice
8.1,100,50,50,24,20,123,Rice
8.3,100,50,50,20,17,96,Rice
6.6,100,50,50,17,17,103,Rice
8,100,50,50,23,18,133,Rice
7.1,100,50,50,23,15,84,Rice
7.9,100,50,50,17,21,77,Rice
6.7,100,50,50,19,19,77,Rice
6.6,100,50,50,24,18,169,Rice
7.6,100,50,50,23,16,198,Rice
6.4,100,50,50,16,20,54,Rice
7.9,100,50,50,16,15,154,Rice
8.6,100,50,50,21,20,148,Rice
8.4,100,50,50,20,17,91,Rice
8,100,50,50,23,22,63,Rice
7.4,100,50,50,20,20,155,Rice
7.4,100,50,50,19,21,194,Rice
8,100,50,50,20,18,193,Rice
7.1,100,50,50,21,21,185,Rice
7.9,100,50,50,19,16,90,Rice
7.6,100,50,50,20,22,178,Rice
8.3,100,50,50,21,19,183,Rice
8.2,100,50,50,15,23,148,Rice
7.7,100,50,50,16,23,155,Rice
8.5,100,50,50,18,16,66,Rice
7,100,50,50,21,17,60,Rice
7.5,100,50,50,17,23,99,Rice
8.4,100,50,50,16,17,154,Rice
6.5,100,50,50,15,17,74,Rice
7,100,50,50,24,16,53,Rice
8,100,50,50,17,16,75,Rice
7.1,100,50,50,19,21,169,Rice
7.2,100,50,50,21,18,64,Rice
8.4,100,50,50,19,22,157,Rice
8.1,100,50,50,23,20,157,Rice
7.6,100,50,50,24,22,67,Rice
8.4,100,50,50,19,19,56,Rice
7.4,100,50,50,20,18,156,Rice
7.4,100,50,50,22,21,143,Rice
7.8,100,50,50,21,15,97,Rice
6.4,100,50,50,16,15,60,Rice
6.4,100,50,50,16,17,147,Rice
7.4,100,50,50,22,16,129,Rice
6.9,100,50,50,20,18,168,Rice
7.9,100,50,50,21,17,65,Rice
7.1,100,50,50,17,20,153,Rice
7.5,100,50,50,16,16,98,Rice
6.9,100,50,50,15,18,76,Rice
7.2,100,50,50,19,15,88,Rice
8.1,100,50,50,15,22,143,Rice
7.5,100,50,50,20,20,71,Rice
8.4,100,50,50,21,16,170,Rice
8.2,100,50,50,21,19,195,Rice
8.3,100,50,50,17,21,72,Rice
6.8,100,50,50,18,23,99,Rice
7.1,100,50,50,23,19,101,Rice
6.7,100,50,50,24,15,104,Rice
7,100,50,50,16,15,77,Rice
8.3,100,50,50,19,20,131,Rice
7.9,100,50,50,18,17,155,Rice
6.8,100,50,50,20,16,150,Rice
7.6,100,50,50,16,17,68,Rice
6.8,100,50,50,19,22,88,Rice
7.1,100,50,50,19,16,123,Rice
7.5,100,50,50,22,17,157,Rice
7.5,100,50,50,18,22,180,Rice
8.3,100,50,50,22,23,176,Rice
7.1,100,50,50,21,20,69,Rice
8.6,100,50,50,23,23,183,Rice
6.9,100,50,50,17,21,149,Rice
7,100,50,50,21,17,100,Rice
7.1,100,50,50,23,15,83,Rice
7.7,100,50,50,17,18,180,Rice
7,100,50,50,22,21,194,Rice
8.1,100,50,50,16,22,75,Rice
6.6,100,50,50,22,18,62,Rice
7.6,100,50,50,24,17,159,Rice
8,100,50,50,15,15,173,Rice
6.4,100,50,50,23,23,51,Rice
6.9,100,50,50,17,18,190,Rice
8.2,100,50,50,19,19,110,Rice
7.1,100,50,50,23,15,81,Rice
8.5,100,50,50,19,15,121,Rice
8.5,100,50,50,17,15,159,Rice
7.7,100,50,50,15,23,73,Rice
8.5,100,50,50,15,22,72,Rice
6.4,100,50,50,17,18,98,Rice
8,100,50,50,15,20,195,Rice
8.3,100,50,50,24,16,71,Rice
8.3,100,50,50,20,18,188,Rice
6.3,100,50,50,22,19,110,Rice
6.5,100,50,50,18,15,78,Rice
8.6,100,50,50,24,23,170,Rice
7.2,100,50,50,22,21,154,Rice
6.6,100,50,50,19,15,121,Rice
7.8,100,50,50,24,15,167,Rice
6.3,100,50,50,18,15,173,Rice
6.2,100,50,50,16,22,95,Rice
7.2,100,50,50,21,23,179,Rice
7.9,100,50,50,20,18,88,Rice
6.6,100,50,50,17,18,149,Rice
6.2,100,50,50,17,15,83,Rice
8.1,100,50,50,17,18,85,Rice
7.2,100,50,50,22,15,177,Rice
7.2,100,50,50,17,20,95,Rice
7.6,100,50,50,24,15,119,Rice
7.8,100,50,50,17,21,118,Rice
8.5,100,50,50,15,23,57,Rice
6.7,100,50,50,17,18,78,Rice
7.6,100,50,50,19,19,133,Rice
8.2,100,50,50,23,18,78,Rice
6.7,100,50,50,23,19,174,Rice
7.6,100,50,50,17,21,125,Rice
6.5,100,50,50,18,18,104,Rice
6.5,100,50,50,19,20,130,Rice
8.1,100,50,50,22,18,144,Rice
7.5,100,50,50,24,18,185,Rice
6.5,100,50,50,20,20,70,Rice
7.9,100,50,50,17,18,155,Rice
7.8,100,50,50,19,15,102,Rice
8.5,100,50,50,17,22,159,Rice
6.9,100,50,50,15,15,168,Rice
8.4,100,50,50,22,19,193,Rice
7.5,100,50,50,19,16,61,Rice
8.4,100,50,50,18,21,178,Rice
7.1,100,50,50,22,16,170,Rice
8.3,100,50,50,24,19,128,Rice
5.6,110,50,50,7,22,1254,Wheat
6.2,110,50,50,14,24,1364,Wheat
5.5,110,50,50,8,21,1061,Wheat
7.1,110,50,50,18,21,973,Wheat
8.3,110,50,50,15,20,1139,Wheat
7.6,110,50,50,17,22,1019,Wheat
8.1,110,50,50,7,21,1247,Wheat
6.9,110,50,50,6,21,886,Wheat
6.5,110,50,50,10,22,1064,Wheat
7.2,110,50,50,6,20,1207,Wheat
6.5,110,50,50,18,22,812,Wheat
5.7,110,50,50,18,21,1317,Wheat
7.8,110,50,50,10,23,1104,Wheat
5.8,110,50,50,6,20,1250,Wheat
7.2,110,50,50,5,23,1179,Wheat
7.6,110,50,50,16,20,1030,Wheat
7.7,110,50,50,16,22,1174,Wheat
6.7,110,50,50,17,22,1004,Wheat
5.5,110,50,50,7,20,1342,Wheat
8.4,110,50,50,13,24,822,Wheat
8.5,110,50,50,9,22,1193,Wheat
7.5,110,50,50,19,23,1217,Wheat
6.8,110,50,50,6,22,934,Wheat
8.2,110,50,50,18,21,1255,Wheat
5.9,110,50,50,18,23,1166,Wheat
8,110,50,50,8,23,1246,Wheat
6.3,110,50,50,7,22,830,Wheat
7.6,110,50,50,16,23,1268,Wheat
7,110,50,50,14,23,832,Wheat
7.9,110,50,50,18,21,1314,Wheat
8,110,50,50,12,20,1209,Wheat
7.7,110,50,50,15,20,821,Wheat
6.3,110,50,50,8,24,1046,Wheat
5.8,110,50,50,18,24,1118,Wheat
7.5,110,50,50,13,24,901,Wheat
8.2,110,50,50,17,23,1221,Wheat
6,110,50,50,9,24,1257,Wheat
5.8,110,50,50,12,22,866,Wheat
6.5,110,50,50,17,24,1262,Wheat
6.8,110,50,50,6,23,1291,Wheat
5.5,110,50,50,19,23,1154,Wheat
5.9,110,50,50,11,21,1136,Wheat
7.9,110,50,50,12,20,1221,Wheat
8,110,50,50,7,24,1055,Wheat
8,110,50,50,16,22,1290,Wheat
6.2,110,50,50,19,22,878,Wheat
8.4,110,50,50,10,23,1051,Wheat
8,110,50,50,6,20,944,Wheat
5.9,110,50,50,14,20,1005,Wheat
7.7,110,50,50,11,23,993,Wheat
6.8,110,50,50,15,21,916,Wheat
5.7,110,50,50,19,24,1045,Wheat
8.3,110,50,50,12,21,1120,Wheat
6.4,110,50,50,9,22,1028,Wheat
7.5,110,50,50,8,24,973,Wheat
8.2,110,50,50,10,22,903,Wheat
7.8,110,50,50,10,21,882,Wheat
6.6,110,50,50,13,20,1210,Wheat
6.1,110,50,50,13,24,1291,Wheat
5.8,110,50,50,17,24,1188,Wheat
6.6,110,50,50,9,20,1362,Wheat
6.8,110,50,50,10,23,1330,Wheat
6.3,110,50,50,8,20,1180,Wheat
6.6,110,50,50,5,22,1149,Wheat
6,110,50,50,17,22,1347,Wheat
8.5,110,50,50,7,20,920,Wheat
7.5,110,50,50,15,24,980,Wheat
6.3,110,50,50,17,20,1321,Wheat
7.9,110,50,50,9,21,1054,Wheat
8,110,50,50,7,21,1294,Wheat
8.4,110,50,50,5,23,843,Wheat
8.1,110,50,50,10,24,1020,Wheat
6,110,50,50,18,24,1204,Wheat
7.9,110,50,50,14,22,1354,Wheat
7.2,110,50,50,5,22,932,Wheat
6.8,110,50,50,8,21,1048,Wheat
8.4,110,50,50,10,22,1120,Wheat
6.3,110,50,50,19,20,1078,Wheat
6.7,110,50,50,13,20,938,Wheat
6,110,50,50,7,23,830,Wheat
8.3,110,50,50,14,24,810,Wheat
5.6,110,50,50,13,22,930,Wheat
6.2,110,50,50,15,22,1370,Wheat
6.2,110,50,50,12,23,835,Wheat
5.5,110,50,50,14,20,1017,Wheat
7.9,110,50,50,14,20,986,Wheat
6.2,110,50,50,18,24,1299,Wheat
8.2,110,50,50,13,20,896,Wheat
7.3,110,50,50,12,22,1340,Wheat
7.2,110,50,50,15,24,805,Wheat
6.2,110,50,50,8,20,1234,Wheat
7.9,110,50,50,18,22,1101,Wheat
8.5,110,50,50,18,21,999,Wheat
7.6,110,50,50,10,23,981,Wheat
5.8,110,50,50,19,24,933,Wheat
8.4,110,50,50,18,24,1048,Wheat
7.9,110,50,50,9,24,1229,Wheat
6.6,110,50,50,11,23,1147,Wheat
8.2,110,50,50,8,20,864,Wheat
8.2,110,50,50,14,21,1159,Wheat
5.4,110,50,50,5,21,871,Wheat
6.4,110,50,50,17,24,1193,Wheat
8.3,110,50,50,17,22,859,Wheat
6.9,110,50,50,13,24,824,Wheat
5.6,110,50,50,11,20,977,Wheat
7.6,110,50,50,9,22,975,Wheat
6.3,110,50,50,13,21,876,Wheat
7,110,50,50,6,22,927,Wheat
6.4,110,50,50,7,21,877,Wheat
6.4,110,50,50,19,21,873,Wheat
5.9,110,50,50,6,20,1296,Wheat
6.7,110,50,50,18,23,1388,Wheat
7.1,110,50,50,11,24,1188,Wheat
7.5,110,50,50,15,21,1206,Wheat
5.6,110,50,50,19,24,1319,Wheat
7.7,110,50,50,12,23,844,Wheat
5.6,110,50,50,15,20,925,Wheat
6.4,110,50,50,10,22,1049,Wheat
5.5,110,50,50,14,21,1145,Wheat
7.5,110,50,50,15,24,878,Wheat
8,110,50,50,13,21,1265,Wheat
6.6,110,50,50,6,24,1313,Wheat
7.9,110,50,50,8,20,1060,Wheat
5.6,110,50,50,14,21,819,Wheat
5.9,110,50,50,16,23,1208,Wheat
6.7,110,50,50,6,22,810,Wheat
6,110,50,50,11,23,815,Wheat
6,110,50,50,11,20,932,Wheat
6.7,110,50,50,11,24,959,Wheat
6.2,110,50,50,13,20,876,Wheat
8.5,110,50,50,19,24,1359,Wheat
7.2,110,50,50,12,21,1039,Wheat
7.2,110,50,50,13,21,1017,Wheat
6.2,110,50,50,17,22,850,Wheat
6.2,110,50,50,8,24,833,Wheat
7.6,110,50,50,6,23,1057,Wheat
5.6,110,50,50,7,23,1018,Wheat
7.2,110,50,50,14,24,886,Wheat
8.1,110,50,50,18,20,1239,Wheat
8.3,110,50,50,15,22,1298,Wheat
7.1,110,50,50,17,23,1004,Wheat
6.5,110,50,50,5,22,903,Wheat
8.4,110,50,50,7,20,1122,Wheat
7.7,110,50,50,19,21,875,Wheat
5.4,110,50,50,8,22,871,Wheat
7.8,110,50,50,10,23,1182,Wheat
7.5,110,50,50,7,20,1145,Wheat
7.3,110,50,50,10,21,879,Wheat
7.3,110,50,50,9,20,1249,Wheat
6.4,110,50,50,18,22,995,Wheat
6,110,50,50,13,22,848,Wheat
5.8,110,50,50,5,24,950,Wheat
5.5,110,50,50,8,22,1256,Wheat
6.8,110,50,50,9,20,933,Wheat
6.9,110,50,50,7,22,1146,Wheat
6.6,110,50,50,17,21,918,Wheat
6.2,110,50,50,13,21,1004,Wheat
7.2,110,50,50,18,22,1015,Wheat
5.7,110,50,50,18,20,1209,Wheat
8.5,110,50,50,13,23,1350,Wheat
7.4,110,50,50,10,24,1330,Wheat
7.8,110,50,50,12,23,1173,Wheat
7,110,50,50,13,24,920,Wheat
8.5,110,50,50,11,21,1388,Wheat
7.6,110,50,50,15,24,1063,Wheat
7.4,110,50,50,13,20,1336,Wheat
6.7,110,50,50,9,22,988,Wheat
7.4,110,50,50,12,20,1071,Wheat
7.2,110,50,50,10,24,812,Wheat
6.4,110,50,50,19,24,802,Wheat
6.4,110,50,50,16,23,948,Wheat
6.5,110,50,50,9,22,1162,Wheat
7.2,110,50,50,15,23,1167,Wheat
5.5,110,50,50,5,22,1181,Wheat
7.5,110,50,50,13,24,1260,Wheat
5.6,110,50,50,8,21,989,Wheat
6.2,110,50,50,11,20,1122,Wheat
7.2,110,50,50,9,21,1300,Wheat
8,110,50,50,15,20,882,Wheat
6.5,110,50,50,9,21,861,Wheat
7.6,110,50,50,10,24,830,Wheat
7.6,110,50,50,13,21,841,Wheat
7.8,110,50,50,15,21,1093,Wheat
6.4,110,50,50,7,24,1350,Wheat
5.8,110,50,50,11,22,1349,Wheat
8.1,110,50,50,8,24,1052,Wheat
6.9,110,50,50,8,21,832,Wheat
7.8,110,50,50,10,21,1204,Wheat
8.2,110,50,50,7,23,881,Wheat
7.2,110,50,50,11,22,935,Wheat
8.4,110,50,50,12,23,927,Wheat
6.5,110,50,50,7,21,1001,Wheat
8.2,110,50,50,9,23,961,Wheat
7.3,110,50,50,7,21,1253,Wheat
8.3,110,50,50,19,20,1172,Wheat
7.7,110,50,50,12,22,803,Wheat
5.8,110,50,50,14,20,1205,Wheat
5.5,110,50,50,16,21,1334,Wheat
8.5,110,50,50,12,24,1087,Wheat
6.9,110,50,50,15,24,939,Wheat
6.5,30,50,50,20,25,925,GroundNut
6.9,30,50,50,29,27,1113,GroundNut
7.5,30,50,50,21,25,918,GroundNut
6.3,30,50,50,23,25,1158,GroundNut
7.6,30,50,50,28,25,1073,GroundNut
7.5,30,50,50,23,26,788,GroundNut
7.4,30,50,50,25,25,891,GroundNut
7.5,30,50,50,23,25,796,GroundNut
7,30,50,50,20,27,834,GroundNut
6.6,30,50,50,29,25,616,GroundNut
6.5,30,50,50,27,26,873,GroundNut
6.5,30,50,50,24,25,941,GroundNut
6.7,30,50,50,26,25,974,GroundNut
7.2,30,50,50,21,27,1147,GroundNut
6.5,30,50,50,24,26,998,GroundNut
7.6,30,50,50,23,27,665,GroundNut
6.5,30,50,50,27,27,730,GroundNut
6.9,30,50,50,29,26,795,GroundNut
7.1,30,50,50,29,26,917,GroundNut
7.1,30,50,50,20,25,897,GroundNut
7.4,30,50,50,24,26,872,GroundNut
7.3,30,50,50,25,27,637,GroundNut
6.9,30,50,50,24,26,1024,GroundNut
6.1,30,50,50,25,26,668,GroundNut
7.7,30,50,50,25,26,1111,GroundNut
7,30,50,50,27,25,1083,GroundNut
6.7,30,50,50,24,26,866,GroundNut
6.1,30,50,50,28,26,1053,GroundNut
7,30,50,50,29,27,671,GroundNut
7.7,30,50,50,25,27,1192,GroundNut
6.9,30,50,50,21,26,916,GroundNut
7.2,30,50,50,20,26,1157,GroundNut
6.5,30,50,50,25,25,1023,GroundNut
6.9,30,50,50,29,26,676,GroundNut
6.8,30,50,50,22,26,1175,GroundNut
6.3,30,50,50,26,25,1073,GroundNut
7.1,30,50,50,24,26,993,GroundNut
6.5,30,50,50,25,26,1071,GroundNut
7.1,30,50,50,29,25,873,GroundNut
7.7,30,50,50,23,26,932,GroundNut
7.3,30,50,50,26,27,786,GroundNut
7.5,30,50,50,22,27,1122,GroundNut
7,30,50,50,29,26,932,GroundNut
6.5,30,50,50,25,26,632,GroundNut
6.2,30,50,50,26,25,776,GroundNut
7.3,30,50,50,28,25,937,GroundNut
6.8,30,50,50,20,26,1138,GroundNut
7.3,30,50,50,27,26,675,GroundNut
7,30,50,50,21,26,907,GroundNut
6.5,30,50,50,25,27,764,GroundNut
7.1,30,50,50,20,26,949,GroundNut
7.3,30,50,50,28,25,706,GroundNut
6.7,30,50,50,28,27,1188,GroundNut
6.4,30,50,50,25,25,754,GroundNut
7.5,30,50,50,23,26,932,GroundNut
7.1,30,50,50,22,26,696,GroundNut
6.2,30,50,50,24,26,1125,GroundNut
7,30,50,50,28,25,724,GroundNut
7.6,30,50,50,26,27,1114,GroundNut
6.4,30,50,50,27,26,1158,GroundNut
7.5,30,50,50,27,26,790,GroundNut
6.6,30,50,50,22,26,967,GroundNut
7.3,30,50,50,25,25,1101,GroundNut
7.1,30,50,50,25,27,667,GroundNut
7.7,30,50,50,21,26,807,GroundNut
7.2,30,50,50,22,26,1130,GroundNut
6.2,30,50,50,22,27,932,GroundNut
6.8,30,50,50,24,27,1025,GroundNut
7.4,30,50,50,27,26,661,GroundNut
6.5,30,50,50,20,26,1110,GroundNut
6.3,30,50,50,21,25,639,GroundNut
6.5,30,50,50,26,26,709,GroundNut
6.2,30,50,50,22,25,666,GroundNut
7.1,30,50,50,25,27,1033,GroundNut
6.4,30,50,50,22,26,905,GroundNut
6.8,30,50,50,28,26,952,GroundNut
7.3,30,50,50,24,26,773,GroundNut
6.4,30,50,50,28,25,1167,GroundNut
7.3,30,50,50,24,26,1176,GroundNut
6.7,30,50,50,20,26,982,GroundNut
7.6,30,50,50,29,26,880,GroundNut
6.7,30,50,50,20,25,825,GroundNut
7.6,30,50,50,23,27,787,GroundNut
7.3,30,50,50,24,27,704,GroundNut
7.6,30,50,50,21,25,635,GroundNut
7.5,30,50,50,21,26,869,GroundNut
6.7,30,50,50,29,25,1087,GroundNut
6.9,30,50,50,21,26,1145,GroundNut
6.3,30,50,50,26,25,627,GroundNut
6.8,30,50,50,25,25,863,GroundNut
6.3,30,50,50,22,25,1121,GroundNut
6.8,30,50,50,27,26,905,GroundNut
6.7,30,50,50,25,26,1041,GroundNut
7,30,50,50,23,25,767,GroundNut
7.4,30,50,50,25,27,920,GroundNut
7.1,30,50,50,20,27,815,GroundNut
7.6,30,50,50,20,26,1072,GroundNut
7.6,30,50,50,27,26,717,GroundNut
7.4,30,50,50,20,27,892,GroundNut
6.9,30,50,50,26,25,862,GroundNut
7.7,30,50,50,28,26,1127,GroundNut
6.2,30,50,50,26,26,629,GroundNut
7.2,30,50,50,28,27,854,GroundNut
6.4,30,50,50,26,25,821,GroundNut
6.5,30,50,50,28,27,892,GroundNut
6.3,30,50,50,23,26,909,GroundNut
6.5,30,50,50,28,27,868,GroundNut
7.1,30,50,50,23,25,845,GroundNut
7.6,30,50,50,27,25,1156,GroundNut
6.7,30,50,50,22,27,863,GroundNut
6.9,30,50,50,20,26,1023,GroundNut
7.8,30,50,50,22,27,1101,GroundNut
6.5,30,50,50,29,25,855,GroundNut
6.9,30,50,50,28,25,779,GroundNut
7.4,30,50,50,26,27,1140,GroundNut
7.4,30,50,50,23,25,672,GroundNut
6.9,30,50,50,29,25,917,GroundNut
7.3,30,50,50,26,27,823,GroundNut
6.7,30,50,50,22,27,1140,GroundNut
7.2,30,50,50,24,25,610,GroundNut
6.9,30,50,50,23,26,873,GroundNut
6.1,30,50,50,28,26,970,GroundNut
6.6,30,50,50,27,27,662,GroundNut
7.1,30,50,50,25,26,688,GroundNut
6.6,30,50,50,27,25,1085,GroundNut
7.2,30,50,50,23,26,1157,GroundNut
7.7,30,50,50,28,25,906,GroundNut
6.7,30,50,50,24,25,710,GroundNut
7.4,30,50,50,23,26,1008,GroundNut
7.4,30,50,50,26,26,1188,GroundNut
6.4,30,50,50,22,26,982,GroundNut
6.5,30,50,50,29,27,898,GroundNut
7.1,30,50,50,21,27,773,GroundNut
7.2,30,50,50,29,26,1079,GroundNut
7.1,30,50,50,27,25,953,GroundNut
6.8,30,50,50,24,26,962,GroundNut
6.7,30,50,50,22,26,679,GroundNut
7,30,50,50,23,26,1162,GroundNut
6.4,30,50,50,21,27,775,GroundNut
6.6,30,50,50,24,25,891,GroundNut
6.6,30,50,50,22,26,634,GroundNut
6.7,30,50,50,24,25,600,GroundNut
7.5,30,50,50,26,25,821,GroundNut
6.9,30,50,50,20,25,997,GroundNut
6.9,30,50,50,26,26,1109,GroundNut
6.2,30,50,50,23,26,739,GroundNut
7.1,30,50,50,27,25,1012,GroundNut
6.2,30,50,50,26,27,839,GroundNut
6.7,30,50,50,27,27,1150,GroundNut
6.1,30,50,50,25,26,1084,GroundNut
6.6,30,50,50,28,27,944,GroundNut
6.5,30,50,50,23,26,842,GroundNut
7.4,30,50,50,24,27,648,GroundNut
6.7,30,50,50,25,25,1090,GroundNut
6.3,30,50,50,29,26,1141,GroundNut
7.1,30,50,50,23,25,905,GroundNut
6.9,30,50,50,22,27,1180,GroundNut
6.7,30,50,50,22,26,803,GroundNut
6.2,30,50,50,23,27,733,GroundNut
7,30,50,50,21,27,1161,GroundNut
6.2,30,50,50,27,27,1161,GroundNut
7.3,30,50,50,26,26,887,GroundNut
7.5,30,50,50,20,27,1115,GroundNut
7.5,30,50,50,26,25,1164,GroundNut
6.5,30,50,50,25,27,1002,GroundNut
7,30,50,50,28,27,1033,GroundNut
7,30,50,50,23,26,630,GroundNut
6.9,30,50,50,21,27,802,GroundNut
6.2,30,50,50,21,27,625,GroundNut
7.1,30,50,50,23,25,1076,GroundNut
7.2,30,50,50,23,25,969,GroundNut
6.1,30,50,50,28,25,1152,GroundNut
6.3,30,50,50,23,26,831,GroundNut
7.3,30,50,50,29,26,1099,GroundNut
6.3,30,50,50,24,26,1073,GroundNut
6.5,30,50,50,20,26,606,GroundNut
7.2,30,50,50,28,26,738,GroundNut
7.3,30,50,50,26,25,1146,GroundNut
6.5,30,50,50,22,25,907,GroundNut
7.1,30,50,50,21,25,1180,GroundNut
7.7,30,50,50,20,26,1039,GroundNut
7.2,30,50,50,23,26,622,GroundNut
7.2,30,50,50,28,27,841,GroundNut
6.3,30,50,50,21,26,833,GroundNut
6.4,30,50,50,22,26,913,GroundNut
7.4,30,50,50,21,26,1017,GroundNut
7.2,30,50,50,26,27,833,GroundNut
6.6,30,50,50,27,26,847,GroundNut
7.4,30,50,50,29,26,799,GroundNut
7.1,30,50,50,20,25,610,GroundNut
7.5,30,50,50,23,25,1108,GroundNut
6.6,30,50,50,28,26,1088,GroundNut
6.5,30,50,50,24,26,650,GroundNut
6.5,30,50,50,21,26,969,GroundNut
6.2,30,50,50,28,27,1105,GroundNut
6.7,30,50,50,27,27,870,GroundNut
6.9,30,50,50,22,25,661,GroundNut
6.4,30,50,50,26,25,1176,GroundNut
7,30,50,50,25,27,885,GroundNut
6.2,30,50,50,29,26,793,GroundNut
8,95,48,45,35,30,800,Cotton
8.1,110,45,50,22,30,980,Cotton
7.9,110,45,50,24,27,894,Cotton
7.3,110,45,50,25,30,796,Cotton
7.4,110,45,50,20,29,902,Cotton
7.3,110,45,50,25,29,1013,Cotton
7.4,110,45,50,20,28,950,Cotton
7.6,110,45,50,29,29,936,Cotton
7.5,110,45,50,24,30,970,Cotton
7.9,110,45,50,28,27,861,Cotton
7.5,110,45,50,21,28,857,Cotton
7.8,110,45,50,28,27,925,Cotton
7.2,110,45,50,27,28,1064,Cotton
7.5,110,45,50,26,31,847,Cotton
7.8,110,45,50,21,26,1156,Cotton
7.4,110,45,50,26,28,946,Cotton
7.2,110,45,50,21,28,1085,Cotton
7.6,110,45,50,29,29,778,Cotton
8.1,110,45,50,25,27,1199,Cotton
7.4,110,45,50,25,26,1177,Cotton
8.1,110,45,50,21,28,918,Cotton
8.1,110,45,50,23,27,987,Cotton
7.8,110,45,50,25,29,1192,Cotton
7.6,110,45,50,21,27,1193,Cotton
7.4,110,45,50,27,30,914,Cotton
7.7,110,45,50,22,31,872,Cotton
7.7,110,45,50,20,28,915,Cotton
7.9,110,45,50,20,29,857,Cotton
8.2,110,45,50,26,31,875,Cotton
8.3,110,45,50,21,29,865,Cotton
8.1,110,45,50,27,29,927,Cotton
8.4,110,45,50,28,27,995,Cotton
7.3,110,45,50,26,26,919,Cotton
7.6,110,45,50,26,31,833,Cotton
8,110,45,50,27,28,1004,Cotton
8,110,45,50,28,28,1190,Cotton
7.8,110,45,50,27,30,818,Cotton
8.1,110,45,50,24,31,781,Cotton
7.9,110,45,50,25,28,758,Cotton
7.5,110,45,50,25,29,848,Cotton
8.1,110,45,50,26,28,904,Cotton
8,110,45,50,29,29,1186,Cotton
7.6,110,45,50,26,27,862,Cotton
7.4,110,45,50,20,28,858,Cotton
7.5,110,45,50,20,30,1151,Cotton
7.5,110,45,50,28,29,856,Cotton
8,110,45,50,20,28,964,Cotton
8.2,110,45,50,23,29,839,Cotton
7.7,110,45,50,20,31,889,Cotton
7.6,110,45,50,20,26,947,Cotton
6.9,150,80,80,50,30,850,SugarCane
7.4,175,100,100,41,25,719,SugarCane
6.9,175,100,100,50,41,1067,SugarCane
6.7,175,100,100,54,39,1146,SugarCane
6.6,175,100,100,52,34,955,SugarCane
7.3,175,100,100,58,38,962,SugarCane
7.5,175,100,100,40,26,830,SugarCane
7.2,175,100,100,58,38,840,SugarCane
6.3,175,100,100,45,46,1114,SugarCane
7.2,175,100,100,40,25,881,SugarCane
7.1,175,100,100,52,44,887,SugarCane
6.6,175,100,100,50,25,713,SugarCane
7,175,100,100,59,37,877,SugarCane
6.8,175,100,100,50,34,1107,SugarCane
6.4,175,100,100,50,33,874,SugarCane
6.9,175,100,100,56,47,1029,SugarCane
7,175,100,100,43,35,1123,SugarCane
7,175,100,100,41,28,1156,SugarCane
7,175,100,100,57,45,1065,SugarCane
7.5,175,100,100,52,37,1088,SugarCane
7.1,175,100,100,54,48,1144,SugarCane
6.3,175,100,100,50,42,930,SugarCane
7.6,175,100,100,59,31,1088,SugarCane
7.6,175,100,100,46,26,705,SugarCane
7.5,175,100,100,58,44,1100,SugarCane
6.3,175,100,100,51,26,1050,SugarCane
7,175,100,100,50,48,812,SugarCane
7.3,175,100,100,44,26,1199,SugarCane
6.5,175,100,100,53,43,930,SugarCane
6.5,175,100,100,55,36,821,SugarCane
7.2,175,100,100,41,29,1032,SugarCane
7.2,175,100,100,43,29,883,SugarCane
6.9,175,100,100,40,28,1044,SugarCane
6.7,175,100,100,50,36,737,SugarCane
6.6,175,100,100,53,42,801,SugarCane
7,175,100,100,55,26,992,SugarCane
6.8,175,100,100,51,32,1035,SugarCane
6.3,175,100,100,59,41,1198,SugarCane
6.8,175,100,100,47,39,766,SugarCane
7.1,175,100,100,41,38,875,SugarCane
6.7,175,100,100,42,37,700,SugarCane
7.6,175,100,100,51,47,750,SugarCane
6.9,175,100,100,54,39,881,SugarCane
6.4,175,100,100,58,26,787,SugarCane
7.2,175,100,100,45,27,773,SugarCane
7.4,175,100,100,43,49,1196,SugarCane
6.5,175,100,100,55,48,720,SugarCane
7,175,100,100,44,34,932,SugarCane
7.5,175,100,100,45,35,975,SugarCane
6.6,175,100,100,49,49,983,SugarCane
7.2,75,45,35,45,29,900,Jowar
6,85,35,45,9,27,890,Jowar
7.2,85,35,45,16,27,918,Jowar
7.6,85,35,45,19,26,922,Jowar
5.8,85,35,45,19,27,874,Jowar
8.4,85,35,45,13,24,924,Jowar
6.9,85,35,45,8,25,851,Jowar
6.7,85,35,45,6,28,962,Jowar
6.1,85,35,45,5,26,876,Jowar
6.1,85,35,45,13,24,967,Jowar
8.1,85,35,45,18,28,900,Jowar
7.8,85,35,45,16,27,967,Jowar
7.9,85,35,45,17,27,939,Jowar
7.3,85,35,45,9,26,924,Jowar
6.5,85,35,45,9,25,927,Jowar
6.2,85,35,45,11,28,995,Jowar
6.1,85,35,45,15,25,957,Jowar
6.9,85,35,45,6,25,934,Jowar
6.3,85,35,45,19,27,942,Jowar
6.1,85,35,45,19,28,867,Jowar
5.9,85,35,45,7,25,887,Jowar
6.3,85,35,45,17,28,872,Jowar
7.9,85,35,45,19,28,941,Jowar
7.4,85,35,45,9,28,980,Jowar
7.5,85,35,45,9,26,876,Jowar
6.9,85,35,45,10,26,973,Jowar
8.4,85,35,45,19,27,878,Jowar
6.3,85,35,45,17,27,960,Jowar
6.4,85,35,45,18,24,955,Jowar
6.2,85,35,45,8,27,935,Jowar
7.6,85,35,45,8,27,915,Jowar
6.4,85,35,45,15,28,852,Jowar
8.4,85,35,45,18,28,883,Jowar
6.7,85,35,45,7,26,973,Jowar
6.5,85,35,45,6,28,861,Jowar
8.1,85,35,45,6,24,971,Jowar
7.3,85,35,45,6,26,939,Jowar
7.3,85,35,45,5,28,876,Jowar
6.7,85,35,45,7,25,903,Jowar
6.1,85,35,45,7,24,959,Jowar
7.8,85,35,45,12,26,890,Jowar
7.7,85,35,45,18,24,893,Jowar
8.4,85,35,45,17,28,900,Jowar
7,85,35,45,15,25,942,Jowar
5.9,85,35,45,17,24,885,Jowar
8.4,85,35,45,11,27,910,Jowar
6.8,85,35,45,19,24,919,Jowar
7.1,85,35,45,8,26,892,Jowar
8.5,85,35,45,10,26,931,Jowar
6.8,85,35,45,10,28,975,Jowar
7.3,45,25,25,10,31,800,Bajra
8.4,50,25,20,15,30,633,Bajra
8.3,50,25,20,21,31,659,Bajra
7.4,50,25,20,19,30,723,Bajra
7.6,50,25,20,18,30,549,Bajra
8,50,25,20,15,30,357,Bajra
7.8,50,25,20,23,30,694,Bajra
7.8,50,25,20,17,30,622,Bajra
7.8,50,25,20,15,29,715,Bajra
8.3,50,25,20,16,30,540,Bajra
7.8,50,25,20,24,31,731,Bajra
8.3,50,25,20,16,30,496,Bajra
7.8,50,25,20,16,30,626,Bajra
7.9,50,25,20,22,29,594,Bajra
7.7,50,25,20,24,31,527,Bajra
7.8,50,25,20,16,29,439,Bajra
7.8,50,25,20,15,29,610,Bajra
7.3,50,25,20,21,29,448,Bajra
8.2,50,25,20,21,30,447,Bajra
7.9,50,25,20,22,30,460,Bajra
7.3,50,25,20,18,30,451,Bajra
7.3,50,25,20,17,29,708,Bajra
8,50,25,20,23,29,702,Bajra
8.3,50,25,20,24,29,374,Bajra
8.2,50,25,20,15,31,729,Bajra
7.7,50,25,20,18,31,645,Bajra
7.5,50,25,20,16,30,522,Bajra
8.1,50,25,20,17,31,385,Bajra
7.5,50,25,20,20,29,401,Bajra
8.1,50,25,20,19,29,676,Bajra
8.2,50,25,20,22,31,464,Bajra
7.5,50,25,20,19,31,537,Bajra
8,50,25,20,15,30,449,Bajra
8.4,50,25,20,16,31,722,Bajra
7.4,50,25,20,18,30,423,Bajra
8.5,50,25,20,19,29,671,Bajra
7.9,50,25,20,15,31,712,Bajra
7.7,50,25,20,22,30,740,Bajra
7.6,50,25,20,21,29,551,Bajra
8.3,50,25,20,24,29,382,Bajra
7.6,50,25,20,23,31,638,Bajra
7.9,50,25,20,17,29,433,Bajra
7.3,50,25,20,15,31,611,Bajra
8,50,25,20,21,31,441,Bajra
7.3,50,25,20,19,30,431,Bajra
7.3,50,25,20,17,30,749,Bajra
8.1,50,25,20,22,31,533,Bajra
7.8,50,25,20,16,31,535,Bajra
7.6,50,25,20,18,30,692,Bajra
7.6,50,25,20,15,30,483,Bajra
7,25,70,10,20,32,800,Soyabeans
7.1,25,70,20,18,26,981,Soyabeans
6.6,25,70,20,18,28,915,Soyabeans
6.9,25,70,20,18,29,898,Soyabeans
7.7,25,70,20,15,27,864,Soyabeans
6.8,25,70,20,19,26,888,Soyabeans
6.7,25,70,20,16,33,960,Soyabeans
7.6,25,70,20,19,33,963,Soyabeans
7,25,70,20,15,32,834,Soyabeans
6.6,25,70,20,17,30,888,Soyabeans
7.2,25,70,20,15,31,842,Soyabeans
6.9,25,70,20,17,30,866,Soyabeans
6.8,25,70,20,17,27,996,Soyabeans
7.7,25,70,20,16,31,948,Soyabeans
7.2,25,70,20,16,26,964,Soyabeans
6.9,25,70,20,19,29,836,Soyabeans
6.7,25,70,20,18,32,939,Soyabeans
6.5,25,70,20,16,33,978,Soyabeans
7,25,70,20,19,32,869,Soyabeans
7.3,25,70,20,17,33,997,Soyabeans
6.8,25,70,20,16,27,808,Soyabeans
7.2,25,70,20,18,33,926,Soyabeans
6.5,25,70,20,17,29,895,Soyabeans
7.7,25,70,20,15,27,804,Soyabeans
7,25,70,20,17,32,960,Soyabeans
7.7,25,70,20,18,33,778,Soyabeans
7,25,70,20,19,27,974,Soyabeans
6.7,25,70,20,18,26,851,Soyabeans
7.6,25,70,20,16,32,760,Soyabeans
7.6,25,70,20,18,31,773,Soyabeans
7.3,25,70,20,18,28,800,Soyabeans
6.9,25,70,20,16,29,988,Soyabeans
7.7,25,70,20,15,29,821,Soyabeans
6.9,25,70,20,17,28,793,Soyabeans
7.6,25,70,20,19,27,765,Soyabeans
7.1,25,70,20,19,29,891,Soyabeans
7.5,25,70,20,19,28,995,Soyabeans
6.9,25,70,20,17,26,789,Soyabeans
7.7,25,70,20,16,27,774,Soyabeans
6.6,25,70,20,15,26,983,Soyabeans
6.8,25,70,20,19,28,854,Soyabeans
6.5,25,70,20,17,29,905,Soyabeans
6.7,25,70,20,17,30,753,Soyabeans
7.8,25,70,20,18,33,774,Soyabeans
7.2,25,70,20,18,27,865,Soyabeans
6.5,25,70,20,17,28,965,Soyabeans
7.6,25,70,20,18,30,868,Soyabeans
7.2,25,70,20,15,32,807,Soyabeans
7.7,25,70,20,16,28,781,Soyabeans
7.3,25,70,20,19,32,972,Soyabeans
7.8,90,25,10,22,26,464,Corn
8.2,90,25,10,43,24,452,Corn
8.1,90,25,10,33,22,459,Corn
7.9,90,25,10,49,17,483,Corn
8.2,90,25,10,27,14,490,Corn
7.2,90,25,10,30,23,509,Corn
8,90,25,10,42,17,420,Corn
7.8,90,25,10,49,24,491,Corn
8.3,90,25,10,40,27,421,Corn
8.4,90,25,10,22,24,459,Corn
7.7,90,25,10,48,24,587,Corn
8.1,90,25,10,26,26,544,Corn
7.8,90,25,10,30,18,500,Corn
7.1,90,25,10,38,15,474,Corn
7.4,90,25,10,23,19,529,Corn
7.6,90,25,10,28,17,593,Corn
8.2,90,25,10,39,15,575,Corn
7.7,90,25,10,33,16,541,Corn
7.9,90,25,10,30,18,595,Corn
7.8,90,25,10,24,16,589,Corn
8.3,90,25,10,43,26,556,Corn
8.1,90,25,10,41,16,419,Corn
7.7,90,25,10,36,24,522,Corn
7.9,90,25,10,33,15,520,Corn
7.3,90,25,10,46,15,405,Corn
7.8,90,25,10,37,20,535,Corn
7.2,90,25,10,26,18,477,Corn
8.3,90,25,10,41,21,501,Corn
7.7,90,25,10,31,22,434,Corn
7.3,90,25,10,40,21,441,Corn
7.9,90,25,10,36,15,405,Corn
7.8,90,25,10,24,14,515,Corn
7.2,90,25,10,26,23,572,Corn
7.6,90,25,10,22,19,557,Corn
8,90,25,10,32,17,417,Corn
7.5,90,25,10,22,15,558,Corn
7.1,90,25,10,44,23,585,Corn
7.4,90,25,10,29,23,463,Corn
7.4,90,25,10,30,17,403,Corn
8,90,25,10,39,25,571,Corn
7.9,90,25,10,26,17,441,Corn
7.8,90,25,10,41,17,487,Corn
8,90,25,10,31,22,421,Corn
7.2,90,25,10,42,20,426,Corn
8.1,90,25,10,30,24,583,Corn
8.2,90,25,10,29,20,443,Corn
7.4,90,25,10,31,14,558,Corn
8.3,90,25,10,20,14,411,Corn
7.7,90,25,10,24,20,410,Corn
8.4,90,25,10,21,14,416,Corn
6.5,95,45,55,20,23,200,Rice
6.3,100,50,50,17,23,197,Rice
6.7,100,50,50,20,21,163,Rice
6.8,100,50,50,20,19,118,Rice
7.2,100,50,50,15,22,50,Rice
6.6,100,50,50,21,20,103,Rice
8.1,100,50,50,22,19,199,Rice
7.6,100,50,50,20,16,80,Rice
7.4,100,50,50,20,20,127,Rice
8.3,100,50,50,19,16,114,Rice
6.3,100,50,50,21,23,110,Rice
6.7,100,50,50,19,20,155,Rice
7,100,50,50,15,16,198,Rice
7.1,100,50,50,22,20,51,Rice
6.9,100,50,50,21,21,187,Rice
8.1,100,50,50,21,22,124,Rice
6.4,100,50,50,23,19,146,Rice
6.7,100,50,50,22,21,92,Rice
8.6,100,50,50,21,23,152,Rice
8.5,100,50,50,23,19,87,Rice
7,100,50,50,19,17,103,Rice
7.8,100,50,50,22,16,146,Rice
7.1,100,50,50,18,16,58,Rice
7.4,100,50,50,23,18,123,Rice
6.3,100,50,50,21,22,68,Rice
6.6,100,50,50,23,16,102,Rice
8.4,100,50,50,15,20,128,Rice
7.4,100,50,50,18,19,74,Rice
7.3,100,50,50,24,22,184,Rice
6.6,100,50,50,22,22,189,Rice
8,100,50,50,16,16,99,Rice
7.2,100,50,50,21,17,65,Rice
6.8,100,50,50,17,19,64,Rice
8,100,50,50,15,17,188,Rice
7.4,100,50,50,20,16,140,Rice
7,100,50,50,23,22,169,Rice
8.4,100,50,50,16,23,138,Rice
8,100,50,50,22,21,164,Rice
6.8,100,50,50,23,22,190,Rice
6.2,100,50,50,20,21,151,Rice
6.8,100,50,50,18,22,183,Rice
8.5,100,50,50,21,16,125,Rice
6.6,100,50,50,20,16,171,Rice
8.2,100,50,50,18,22,124,Rice
8.5,100,50,50,16,23,84,Rice
8.3,100,50,50,15,15,99,Rice
6.6,100,50,50,22,17,63,Rice
7.1,100,50,50,22,22,86,Rice
7.4,100,50,50,20,20,171,Rice
7.7,100,50,50,18,23,163,Rice
6,120,45,45,50,23,900,Wheat
5.9,110,50,50,8,20,910,Wheat
7,110,50,50,14,24,871,Wheat
5.5,110,50,50,8,23,1373,Wheat
8.2,110,50,50,6,22,1124,Wheat
7.9,110,50,50,18,24,982,Wheat
5.7,110,50,50,18,22,960,Wheat
7,110,50,50,16,21,961,Wheat
8.4,110,50,50,5,22,1284,Wheat
8.2,110,50,50,10,22,1166,Wheat
6.9,110,50,50,15,21,1298,Wheat
7.6,110,50,50,7,20,957,Wheat
7.3,110,50,50,11,20,801,Wheat
6.7,110,50,50,14,24,1153,Wheat
6.1,110,50,50,10,24,1389,Wheat
7,110,50,50,9,20,1135,Wheat
6.3,110,50,50,11,21,1344,Wheat
7.9,110,50,50,17,24,1290,Wheat
6.5,110,50,50,13,21,1181,Wheat
6.2,110,50,50,5,21,1049,Wheat
7.6,110,50,50,9,22,1171,Wheat
7,110,50,50,10,21,1310,Wheat
7.5,110,50,50,17,22,949,Wheat
6.7,110,50,50,18,22,919,Wheat
7.9,110,50,50,7,24,883,Wheat
7.8,110,50,50,6,24,1055,Wheat
6.3,110,50,50,5,22,1395,Wheat
7.1,110,50,50,12,21,996,Wheat
5.7,110,50,50,13,20,1149,Wheat
6.5,110,50,50,19,22,1119,Wheat
6.9,110,50,50,8,22,1348,Wheat
5.4,110,50,50,16,23,1007,Wheat
8.3,110,50,50,10,23,1016,Wheat
8.2,110,50,50,19,22,1354,Wheat
6.7,110,50,50,7,20,1009,Wheat
7.1,110,50,50,5,22,1248,Wheat
6.2,110,50,50,16,22,1110,Wheat
7.2,110,50,50,8,21,827,Wheat
5.7,110,50,50,14,20,1070,Wheat
8.1,110,50,50,15,23,1239,Wheat
7.9,110,50,50,11,24,880,Wheat
5.6,110,50,50,18,20,1186,Wheat
8,110,50,50,9,20,1177,Wheat
6.2,110,50,50,7,21,1016,Wheat
7.4,110,50,50,10,21,1168,Wheat
7,110,50,50,11,24,819,Wheat
6.8,110,50,50,10,23,1004,Wheat
5.8,110,50,50,18,22,1003,Wheat
8.1,110,50,50,6,20,810,Wheat
7.1,110,50,50,11,20,1244,Wheat
6.8,70,50,30,25,25,1000,GroundNut
7.4,30,50,50,29,25,889,GroundNut
6.9,30,50,50,21,25,627,GroundNut
6.3,30,50,50,29,26,925,GroundNut
7,30,50,50,21,27,1009,GroundNut
7.5,30,50,50,20,27,963,GroundNut
7.1,30,50,50,20,27,901,GroundNut
6.4,30,50,50,26,25,744,GroundNut
6.9,30,50,50,24,25,1195,GroundNut
6.4,30,50,50,26,27,897,GroundNut
6.4,30,50,50,28,25,861,GroundNut
7.4,30,50,50,20,26,652,GroundNut
7.2,30,50,50,29,27,673,GroundNut
6.5,30,50,50,26,26,726,GroundNut
7.1,30,50,50,27,26,710,GroundNut
6.6,30,50,50,21,26,950,GroundNut
6.5,30,50,50,26,27,933,GroundNut
7,30,50,50,22,26,704,GroundNut
6.5,30,50,50,25,27,722,GroundNut
6.3,30,50,50,29,25,870,GroundNut
6.2,30,50,50,26,26,1008,GroundNut
7.8,30,50,50,20,27,884,GroundNut
6.8,30,50,50,28,26,738,GroundNut
6.2,30,50,50,28,26,887,GroundNut
6.9,30,50,50,28,25,725,GroundNut
6.3,30,50,50,23,25,825,GroundNut
6.1,30,50,50,24,26,791,GroundNut
6.3,30,50,50,22,27,675,GroundNut
6.8,30,50,50,26,27,1159,GroundNut
7.5,30,50,50,29,27,1172,GroundNut
6.5,30,50,50,21,27,789,GroundNut
6.7,30,50,50,26,27,1114,GroundNut
6.6,30,50,50,27,27,616,GroundNut
6.8,30,50,50,28,27,723,GroundNut
7.8,30,50,50,20,26,1101,GroundNut
6.7,30,50,50,22,25,1069,GroundNut
7.1,30,50,50,27,25,974,GroundNut
6.3,30,50,50,29,27,625,GroundNut
6.8,30,50,50,23,27,647,GroundNut
7.3,30,50,50,22,26,625,GroundNut
7,30,50,50,24,26,995,GroundNut
7,30,50,50,29,27,957,GroundNut
7,30,50,50,26,25,878,GroundNut
7.1,30,50,50,28,27,605,GroundNut
6.5,30,50,50,29,25,1167,GroundNut
7.6,30,50,50,29,27,1123,GroundNut
6.4,30,50,50,21,26,781,GroundNut
7.2,30,50,50,23,25,954,GroundNut
7.6,30,50,50,25,26,629,GroundNut
6.9,30,50,50,20,27,1146,GroundNut
